"district_id";"client_id";"genre";"age"
18;1;"F";47
1;2;"M";73
1;3;"F";78
5;4;"M";61
5;5;"F";58
12;6;"M";99
15;7;"M";89
51;8;"F";80
60;9;"M";83
57;10;"M";75
57;11;"F";68
40;12;"M";37
54;13;"F";44
76;14;"F";76
21;15;"F";100
21;16;"M";99
76;17;"M";84
76;18;"F";87
47;19;"M";75
46;20;"M";39
12;21;"F";66
1;22;"F";49
1;23;"M";45
43;24;"F";79
21;25;"F";79
74;26;"F";49
54;27;"F";52
1;28;"M";73
30;29;"F";67
74;30;"F";61
68;31;"M";56
52;32;"M";38
73;33;"F";69
7;36;"F";40
7;37;"M";48
36;38;"F";45
68;39;"M";50
5;40;"F";61
22;41;"M";50
68;42;"M";83
75;43;"M";98
38;44;"F";41
20;45;"M";66
19;46;"F";78
76;47;"M";84
16;48;"M";78
72;49;"F";59
39;50;"F";40
36;51;"F";38
32;52;"M";93
64;53;"M";41
45;55;"F";70
21;56;"M";58
21;57;"F";56
1;58;"F";91
1;59;"M";61
67;60;"M";38
16;61;"F";70
77;62;"M";85
4;63;"M";59
20;64;"M";92
50;65;"F";75
1;66;"F";67
29;67;"F";86
43;68;"M";71
70;70;"M";92
70;71;"F";91
47;72;"M";95
22;73;"M";94
22;74;"F";93
64;75;"F";41
36;76;"F";51
1;77;"F";62
16;78;"F";74
37;79;"F";49
64;80;"F";39
8;81;"M";42
8;82;"F";38
1;83;"F";39
1;84;"M";39
1;85;"M";57
1;86;"F";49
72;87;"F";72
1;89;"F";67
52;90;"M";43
63;91;"M";78
74;92;"F";52
3;93;"M";93
43;94;"M";71
43;95;"F";66
74;96;"M";46
26;97;"M";53
33;98;"F";45
33;99;"M";45
44;100;"F";76
68;101;"M";75
74;102;"F";60
74;103;"M";63
31;105;"M";38
68;106;"F";49
1;107;"M";46
17;108;"M";55
2;110;"F";51
1;112;"M";83
1;113;"F";78
74;114;"F";49
74;115;"M";48
74;116;"M";76
74;117;"F";82
55;118;"M";96
55;119;"F";96
1;120;"M";42
41;121;"F";40
35;122;"F";55
11;123;"M";49
44;124;"M";51
37;125;"M";82
37;126;"F";89
21;127;"F";67
63;128;"F";45
64;129;"F";71
53;130;"M";76
53;131;"F";41
36;132;"M";65
6;134;"M";86
6;135;"F";80
55;136;"F";97
60;137;"M";95
54;138;"F";46
8;139;"F";59
8;140;"M";57
31;141;"M";93
68;142;"M";81
27;143;"M";40
65;144;"M";59
55;145;"M";40
31;146;"F";56
21;147;"F";85
21;148;"M";77
55;149;"M";70
2;150;"F";38
51;151;"F";47
29;152;"F";72
13;153;"F";37
74;154;"M";85
74;155;"F";79
54;156;"F";88
52;157;"F";75
40;158;"F";73
40;159;"M";80
64;160;"F";76
34;161;"F";75
65;162;"M";77
74;163;"M";85
70;164;"F";56
22;165;"M";50
22;166;"F";57
38;167;"F";40
24;168;"F";42
38;169;"M";65
38;170;"F";72
51;171;"M";89
51;172;"F";83
21;173;"F";99
10;174;"M";40
31;175;"M";58
4;176;"M";89
8;178;"M";57
43;179;"M";37
73;180;"M";36
76;181;"M";51
76;182;"F";59
1;183;"F";40
1;184;"M";46
77;185;"M";64
46;186;"F";57
58;187;"M";76
64;188;"M";58
11;189;"M";99
37;190;"F";71
37;191;"M";64
70;192;"M";47
1;193;"M";56
28;194;"F";93
74;195;"M";99
74;196;"F";91
30;197;"M";85
60;198;"M";42
29;199;"M";95
29;200;"F";90
17;201;"F";88
29;202;"F";42
31;203;"M";56
31;204;"F";51
4;205;"F";76
59;206;"F";55
46;207;"M";86
13;208;"F";78
13;209;"M";83
66;210;"M";79
66;211;"F";73
52;212;"M";43
71;215;"M";51
1;216;"M";58
59;217;"F";43
1;218;"F";38
60;219;"F";54
21;221;"F";41
47;222;"F";46
43;223;"F";66
77;224;"M";63
32;225;"M";82
1;226;"M";76
52;227;"F";91
48;228;"F";62
76;229;"M";49
74;230;"F";51
41;231;"M";77
55;232;"F";97
69;233;"F";59
69;234;"M";63
44;235;"F";75
70;236;"M";57
70;237;"F";49
6;238;"F";57
1;239;"F";44
34;240;"F";89
70;241;"M";59
17;242;"F";57
63;243;"M";64
67;246;"F";47
1;247;"M";61
61;248;"F";48
61;249;"M";48
8;250;"F";39
54;251;"F";42
37;252;"F";49
48;253;"F";71
28;254;"M";55
27;255;"F";67
73;256;"F";55
22;257;"F";76
22;258;"M";81
31;259;"M";52
31;260;"F";56
38;261;"F";80
77;262;"M";73
68;263;"M";56
28;264;"M";40
72;265;"F";85
19;266;"F";51
37;267;"M";51
39;268;"F";36
15;269;"F";94
46;270;"M";71
46;271;"F";73
70;272;"F";74
27;273;"F";46
17;274;"F";48
1;275;"F";100
1;276;"M";61
1;277;"F";57
22;278;"F";45
22;279;"M";48
45;280;"F";48
73;282;"F";80
73;283;"M";85
10;284;"M";44
72;285;"M";64
72;286;"F";66
50;287;"M";38
6;288;"M";56
54;289;"M";60
72;290;"M";59
72;291;"F";63
15;292;"F";60
69;293;"M";75
58;294;"M";50
12;295;"M";79
65;296;"M";44
65;297;"F";94
65;298;"M";97
1;300;"F";61
28;301;"M";76
56;302;"M";47
74;303;"M";72
19;304;"F";84
46;305;"M";80
68;308;"F";42
37;309;"F";48
11;310;"M";68
64;311;"F";88
2;312;"M";94
24;313;"F";76
24;314;"M";73
54;315;"M";51
75;316;"M";63
64;317;"F";61
15;318;"F";75
19;319;"F";89
19;320;"M";84
47;321;"F";75
38;322;"M";85
38;323;"F";80
3;324;"M";57
3;325;"M";58
27;326;"F";51
27;327;"M";50
1;328;"F";100
11;329;"M";53
65;330;"F";74
1;331;"M";76
29;332;"M";40
38;333;"M";47
32;334;"M";49
73;335;"F";51
39;336;"F";54
39;337;"M";61
8;338;"F";67
1;339;"M";52
1;340;"F";48
69;341;"M";41
69;342;"F";46
44;343;"M";99
54;344;"F";55
17;345;"M";64
17;346;"F";58
71;347;"M";58
71;348;"F";65
39;349;"F";91
25;350;"F";93
1;351;"M";45
56;352;"M";78
7;353;"M";53
49;354;"F";96
49;355;"M";88
1;356;"F";38
1;357;"M";39
7;358;"F";59
66;359;"M";48
49;360;"M";75
74;361;"F";41
35;362;"F";68
35;363;"M";76
54;364;"F";75
1;365;"M";88
1;366;"F";82
60;367;"F";55
60;368;"M";50
7;369;"F";88
71;370;"F";62
4;371;"M";76
34;372;"M";86
16;373;"M";82
26;374;"M";51
61;375;"F";49
14;376;"F";45
50;378;"M";40
50;379;"F";35
41;380;"M";45
73;381;"F";41
73;382;"M";40
15;383;"F";79
15;384;"M";83
45;385;"M";70
62;386;"M";38
76;387;"M";91
36;388;"F";68
47;389;"F";44
47;390;"F";41
47;391;"F";85
74;392;"F";68
74;393;"M";62
52;394;"F";94
52;395;"M";99
1;396;"M";98
75;397;"M";88
61;398;"F";93
45;399;"M";66
1;400;"M";84
1;401;"F";90
3;402;"M";74
42;403;"F";45
42;404;"M";51
65;405;"F";84
36;406;"M";41
73;407;"F";43
35;408;"F";40
74;409;"M";93
62;410;"M";55
17;411;"F";77
17;412;"M";74
49;413;"F";46
46;414;"F";71
46;415;"M";73
1;416;"F";86
1;417;"M";88
28;418;"M";52
64;419;"F";48
18;420;"M";40
54;421;"M";53
69;422;"M";71
37;423;"M";61
1;424;"M";71
25;425;"M";70
72;426;"M";81
72;427;"F";77
47;428;"F";99
50;429;"F";37
39;430;"M";98
24;431;"F";91
59;432;"F";66
62;433;"M";63
70;434;"F";75
20;435;"M";51
2;436;"M";63
11;437;"F";98
32;438;"M";80
51;439;"F";50
15;440;"F";48
1;441;"M";59
1;442;"F";46
1;443;"M";46
74;444;"F";58
1;445;"F";71
1;446;"M";66
23;447;"M";72
77;448;"F";48
25;450;"M";65
12;451;"M";39
55;452;"F";65
67;453;"M";49
38;454;"F";69
68;455;"M";98
25;456;"M";78
70;457;"M";68
68;458;"M";57
32;459;"F";51
68;461;"F";48
14;462;"M";47
38;463;"M";74
24;464;"F";59
5;465;"M";66
1;466;"F";71
1;467;"M";68
72;468;"M";59
59;469;"F";48
30;470;"F";64
44;471;"M";41
36;472;"M";36
1;473;"F";79
46;474;"M";69
1;476;"F";71
1;477;"M";64
21;478;"M";40
11;479;"M";71
11;480;"F";72
69;481;"M";91
69;482;"F";84
1;483;"M";74
28;484;"F";59
32;485;"M";40
68;486;"M";74
1;487;"F";96
1;488;"M";101
41;489;"M";78
55;490;"M";68
63;491;"M";52
72;492;"M";83
41;493;"F";76
1;494;"M";38
49;495;"F";81
70;496;"F";67
74;497;"M";65
74;498;"F";70
18;499;"F";83
1;500;"M";47
62;501;"M";81
6;502;"M";98
73;503;"M";59
36;504;"M";39
13;505;"M";40
75;506;"M";72
75;507;"M";64
53;508;"M";47
73;509;"M";38
12;510;"M";42
9;511;"M";59
60;512;"F";53
8;513;"F";44
8;514;"M";50
1;515;"M";86
1;516;"F";88
63;517;"M";53
54;518;"F";39
18;519;"M";38
46;520;"F";71
69;521;"M";42
1;522;"F";62
38;523;"M";95
30;524;"F";55
30;525;"M";49
43;526;"M";54
43;527;"F";52
37;528;"M";41
69;529;"M";40
29;530;"F";61
27;531;"M";42
27;532;"F";38
54;533;"F";77
74;534;"M";61
26;535;"M";81
47;536;"M";79
1;537;"M";83
5;538;"F";70
19;540;"M";97
19;541;"F";91
59;542;"F";97
11;543;"F";60
63;544;"M";70
75;545;"F";45
7;546;"M";65
54;547;"M";69
49;548;"M";80
7;550;"M";57
47;551;"F";42
1;552;"F";84
1;553;"M";77
30;554;"F";93
30;555;"M";92
29;556;"M";72
51;557;"M";79
43;558;"F";98
32;559;"F";46
71;560;"F";50
74;561;"F";56
49;562;"F";43
72;563;"F";57
72;564;"M";63
64;565;"F";59
47;566;"F";72
47;567;"M";68
8;568;"F";58
73;569;"M";56
61;570;"F";77
3;571;"M";94
3;572;"F";98
69;573;"M";51
1;574;"M";45
58;575;"M";48
58;576;"F";44
1;577;"F";54
23;578;"F";41
72;579;"F";85
70;581;"F";69
1;582;"M";68
75;583;"F";53
33;584;"F";42
40;585;"F";76
40;586;"M";71
25;587;"F";73
61;588;"F";58
45;589;"M";57
44;590;"M";69
65;591;"F";44
26;592;"M";53
60;593;"F";64
69;596;"M";70
55;597;"M";75
1;598;"M";47
1;599;"F";41
56;601;"M";52
56;602;"F";53
13;603;"F";52
1;604;"F";53
1;605;"F";48
10;606;"F";69
64;607;"M";54
67;608;"M";46
52;609;"M";56
74;610;"F";39
36;611;"M";66
36;612;"F";58
1;613;"F";41
14;614;"F";71
68;615;"F";69
58;616;"M";43
70;617;"M";44
57;618;"F";86
6;619;"M";98
6;620;"F";100
54;621;"M";79
74;622;"F";87
24;623;"M";93
24;624;"F";86
60;625;"F";40
9;626;"M";38
17;627;"M";46
17;628;"F";48
16;629;"M";42
61;630;"M";66
70;631;"F";62
67;632;"M";72
67;633;"F";80
17;635;"F";91
17;636;"M";83
39;637;"F";47
54;638;"F";57
31;639;"M";40
26;640;"M";39
40;641;"F";56
40;642;"M";55
1;643;"F";69
35;644;"F";57
14;645;"M";92
34;646;"F";96
34;647;"M";89
70;648;"F";83
13;649;"F";40
54;651;"F";42
61;652;"M";79
1;653;"F";88
64;654;"F";76
32;655;"M";75
1;656;"M";62
8;657;"F";92
8;658;"M";91
24;659;"M";52
16;660;"M";95
16;661;"F";99
5;662;"M";73
24;663;"M";95
77;664;"F";38
62;665;"F";86
26;666;"M";36
26;667;"F";37
1;668;"F";75
12;669;"F";61
1;670;"M";59
10;671;"F";47
46;672;"F";89
36;673;"M";79
11;674;"F";91
50;675;"M";43
70;676;"M";65
5;677;"M";55
39;678;"F";85
8;679;"M";78
8;680;"F";78
15;681;"M";41
18;682;"M";39
76;683;"F";73
3;684;"F";42
72;685;"F";87
32;686;"F";47
32;687;"M";43
1;688;"M";64
70;689;"M";54
38;690;"M";76
38;691;"F";74
74;692;"F";82
74;693;"M";83
29;694;"M";82
28;695;"M";63
28;696;"F";65
1;697;"M";44
75;698;"M";64
26;699;"F";96
12;700;"M";89
31;702;"F";50
4;703;"M";59
54;704;"M";43
19;705;"M";79
1;706;"M";70
1;707;"M";76
50;708;"F";41
1;709;"M";83
23;710;"M";93
48;711;"F";55
54;712;"M";55
20;713;"F";38
31;714;"M";48
1;715;"F";66
1;716;"F";63
54;717;"M";50
54;718;"F";58
46;719;"M";44
29;720;"M";64
43;721;"M";78
62;722;"F";48
12;723;"F";61
65;724;"F";65
75;725;"M";61
16;726;"M";83
32;727;"F";88
32;728;"M";86
63;729;"F";49
63;730;"M";45
74;731;"F";39
74;732;"M";40
46;733;"M";40
46;734;"F";33
1;735;"M";45
1;736;"F";41
74;737;"M";66
25;738;"M";98
72;739;"M";76
55;740;"M";95
74;741;"M";77
1;742;"F";67
1;743;"M";77
26;744;"M";78
52;745;"F";52
52;746;"M";56
24;747;"F";65
25;748;"M";82
25;749;"F";85
70;750;"F";62
70;751;"M";59
72;752;"M";73
72;753;"F";78
63;754;"F";71
72;755;"M";71
31;756;"M";98
71;757;"F";47
68;758;"F";57
29;759;"M";63
57;760;"F";82
21;762;"M";81
75;763;"F";91
49;764;"F";63
65;765;"M";48
1;766;"F";92
1;767;"M";95
32;768;"F";87
40;769;"M";40
64;772;"M";73
4;773;"M";83
70;774;"M";45
51;775;"F";78
1;776;"F";65
1;777;"M";57
13;778;"M";78
69;779;"F";74
3;780;"M";94
72;781;"M";73
5;782;"F";55
27;783;"F";47
27;784;"M";53
63;785;"M";84
53;786;"M";40
3;787;"M";70
47;788;"M";44
4;789;"M";87
63;790;"F";51
68;791;"F";68
21;793;"M";40
21;794;"F";39
1;796;"M";99
8;797;"M";70
27;798;"F";78
27;799;"M";82
35;803;"M";67
35;804;"F";62
60;806;"M";38
53;807;"F";49
31;808;"M";55
49;809;"M";99
58;810;"F";73
58;811;"M";78
39;812;"M";77
70;813;"M";54
19;814;"M";59
22;815;"F";54
17;816;"F";60
54;818;"M";52
74;819;"M";60
74;820;"F";58
49;821;"M";70
37;822;"F";59
41;823;"M";62
27;824;"M";66
74;825;"M";41
1;826;"M";40
10;827;"F";53
10;828;"M";59
24;829;"M";61
69;830;"M";70
2;831;"M";70
67;832;"F";94
5;833;"M";58
54;834;"M";95
28;835;"F";75
28;836;"M";70
71;837;"M";44
71;838;"F";50
47;839;"F";63
20;840;"M";81
69;841;"M";37
12;842;"F";85
54;843;"F";61
22;844;"M";73
22;845;"F";65
35;846;"M";68
49;847;"M";38
26;849;"F";79
19;850;"M";49
25;851;"M";99
25;852;"F";102
70;853;"M";69
72;854;"F";77
58;855;"M";88
23;856;"M";99
32;857;"M";70
47;858;"F";59
1;859;"F";50
1;860;"M";50
1;861;"F";62
30;862;"M";66
54;863;"F";50
11;864;"M";65
11;865;"F";72
38;866;"F";43
70;870;"M";61
76;871;"M";44
35;872;"M";55
60;873;"M";74
14;874;"F";66
14;875;"M";61
1;876;"M";58
5;877;"F";91
5;878;"M";98
38;879;"F";74
49;880;"M";58
5;881;"F";43
70;882;"F";85
75;883;"F";98
75;884;"M";100
34;885;"M";95
34;886;"M";70
66;887;"F";45
28;888;"M";45
54;889;"F";37
77;890;"M";99
33;891;"M";87
42;892;"F";96
43;893;"F";83
75;894;"M";84
39;895;"M";48
36;896;"F";45
36;897;"M";37
38;898;"F";75
38;899;"M";74
73;900;"M";41
39;901;"M";98
23;902;"M";68
31;903;"M";84
1;904;"M";86
38;905;"M";78
65;906;"M";40
51;907;"M";70
51;908;"F";57
23;909;"M";43
1;910;"M";57
43;911;"M";79
76;912;"M";98
1;913;"M";80
1;914;"F";97
12;915;"M";43
3;916;"M";60
25;917;"F";45
26;918;"M";53
7;921;"F";64
22;922;"F";46
22;923;"M";40
1;924;"M";65
54;925;"M";59
1;926;"M";37
1;927;"M";44
66;928;"F";67
30;929;"M";83
68;930;"F";59
16;931;"M";50
3;932;"M";71
33;933;"F";40
33;934;"M";36
42;935;"F";72
42;936;"M";75
1;937;"M";87
59;938;"F";74
21;939;"M";66
53;940;"M";58
10;941;"M";83
12;942;"F";87
12;943;"M";82
39;944;"M";47
39;945;"F";41
54;946;"M";67
49;948;"M";94
3;949;"M";42
76;950;"F";53
76;951;"M";58
63;952;"F";67
25;953;"M";81
1;954;"F";76
57;955;"M";48
1;956;"M";52
56;957;"F";76
56;958;"M";76
11;959;"F";56
16;960;"F";61
15;961;"F";87
19;962;"M";52
64;963;"F";51
10;964;"F";65
13;965;"F";45
13;966;"M";40
76;967;"M";39
69;968;"M";61
36;970;"M";61
46;971;"F";99
46;972;"M";101
14;973;"F";48
14;974;"M";55
1;975;"F";59
16;976;"F";63
76;977;"F";92
56;978;"F";50
56;979;"M";52
40;980;"M";57
5;981;"M";58
20;984;"M";69
20;985;"F";71
74;986;"M";63
60;987;"M";66
40;988;"F";79
40;989;"M";85
71;990;"M";56
32;991;"M";77
19;992;"M";70
44;993;"F";49
36;994;"M";47
36;995;"F";45
1;996;"F";38
59;997;"M";68
59;998;"F";65
74;999;"F";52
74;1000;"M";57
44;1001;"M";71
42;1002;"F";74
31;1003;"F";81
3;1004;"M";61
46;1006;"F";76
46;1007;"M";80
6;1008;"M";62
33;1009;"F";56
33;1010;"M";63
16;1011;"M";79
70;1012;"F";52
70;1013;"M";45
1;1014;"M";87
62;1015;"M";84
62;1016;"F";78
6;1017;"F";75
53;1018;"M";73
14;1019;"F";71
72;1020;"F";41
2;1021;"M";41
31;1022;"M";78
1;1023;"M";79
25;1024;"M";62
15;1025;"M";54
57;1026;"M";39
1;1027;"F";78
1;1028;"M";84
1;1029;"F";64
1;1030;"M";71
2;1031;"F";49
1;1032;"F";80
1;1033;"M";81
52;1034;"F";44
13;1035;"F";47
13;1036;"M";41
1;1037;"F";53
69;1038;"F";57
70;1039;"F";38
1;1040;"M";58
72;1041;"M";57
17;1042;"F";52
17;1043;"M";55
9;1044;"F";47
60;1045;"F";70
1;1046;"M";43
16;1047;"F";55
70;1048;"F";44
1;1049;"M";76
27;1050;"F";47
73;1051;"F";47
56;1052;"M";54
56;1053;"F";60
63;1054;"M";94
4;1055;"M";99
1;1056;"M";55
52;1057;"M";79
9;1058;"F";43
26;1059;"M";58
26;1060;"F";60
16;1062;"M";43
16;1063;"F";42
1;1064;"F";67
2;1065;"M";61
1;1066;"M";78
1;1067;"M";66
13;1068;"F";92
54;1069;"F";80
54;1070;"M";79
43;1071;"M";93
60;1072;"F";51
34;1073;"M";94
34;1074;"F";90
65;1075;"F";84
53;1076;"F";39
46;1077;"M";98
24;1078;"F";39
3;1079;"M";57
54;1080;"F";68
71;1081;"M";47
9;1082;"M";51
48;1083;"M";80
48;1084;"F";74
60;1085;"F";85
74;1086;"M";45
74;1087;"F";40
47;1088;"F";49
1;1089;"M";78
35;1090;"F";79
59;1091;"F";78
41;1092;"F";56
62;1093;"F";42
30;1094;"F";58
30;1095;"M";64
1;1096;"F";92
1;1097;"M";88
60;1098;"F";70
65;1099;"F";39
59;1100;"M";67
74;1101;"M";72
72;1102;"M";83
1;1103;"M";67
1;1104;"F";63
56;1105;"M";76
56;1106;"F";78
60;1107;"M";57
62;1108;"F";62
58;1109;"F";87
10;1110;"F";90
61;1111;"M";39
13;1112;"F";88
11;1113;"M";42
59;1114;"M";38
36;1115;"F";98
69;1116;"F";45
20;1117;"F";42
20;1118;"M";49
54;1119;"F";38
41;1120;"F";45
59;1121;"M";79
20;1122;"M";97
20;1123;"F";96
21;1124;"M";90
9;1125;"F";84
9;1126;"M";83
23;1127;"M";44
7;1128;"M";88
43;1129;"M";87
70;1130;"F";78
55;1131;"F";71
55;1132;"M";70
37;1133;"F";60
37;1134;"M";59
8;1135;"M";66
9;1136;"F";42
1;1137;"F";41
70;1138;"F";48
70;1139;"M";45
18;1140;"M";72
21;1141;"F";77
59;1142;"F";72
59;1143;"M";72
58;1145;"F";50
54;1146;"M";53
3;1147;"M";88
41;1148;"M";77
14;1149;"F";42
74;1150;"F";73
59;1151;"M";45
74;1152;"M";37
70;1153;"F";38
72;1154;"M";94
72;1155;"F";96
1;1156;"F";85
4;1157;"F";59
1;1158;"F";64
64;1159;"M";74
64;1160;"F";80
7;1161;"M";45
26;1162;"F";43
20;1163;"M";54
15;1164;"F";59
15;1165;"F";76
74;1166;"M";59
74;1167;"F";64
19;1168;"M";40
18;1169;"F";77
12;1170;"M";41
46;1171;"F";44
54;1172;"F";95
54;1173;"M";96
29;1174;"F";48
1;1175;"M";93
1;1176;"F";100
77;1177;"F";79
1;1178;"F";47
1;1179;"F";88
21;1180;"M";74
1;1181;"M";79
66;1182;"F";72
54;1183;"M";76
2;1186;"F";71
32;1187;"F";57
32;1188;"M";50
74;1189;"F";86
15;1190;"F";42
15;1191;"M";41
10;1192;"F";93
19;1193;"M";92
17;1194;"F";79
39;1195;"F";79
22;1196;"M";75
6;1197;"F";52
72;1198;"F";43
64;1199;"F";42
47;1200;"F";87
54;1201;"M";73
47;1202;"F";38
77;1204;"F";44
50;1206;"M";61
28;1207;"F";79
70;1208;"F";43
36;1209;"F";61
6;1210;"M";57
1;1211;"M";40
13;1212;"F";91
1;1213;"M";52
61;1214;"M";78
45;1215;"M";74
65;1216;"F";73
59;1217;"M";81
74;1218;"M";38
1;1219;"M";74
40;1220;"F";64
14;1221;"F";45
7;1222;"F";79
14;1223;"F";63
56;1224;"M";80
42;1225;"M";72
33;1226;"F";67
33;1227;"M";63
21;1228;"F";69
19;1229;"M";47
20;1231;"F";53
20;1232;"M";59
68;1233;"M";76
23;1234;"M";43
23;1235;"F";39
26;1236;"F";51
57;1237;"M";95
74;1238;"M";83
11;1239;"F";42
32;1240;"F";42
73;1241;"F";75
73;1242;"F";74
11;1243;"F";44
1;1244;"M";54
64;1245;"M";39
70;1246;"M";56
70;1247;"F";49
19;1248;"M";47
43;1250;"F";66
1;1251;"M";59
1;1252;"F";65
14;1253;"F";51
3;1254;"F";79
1;1255;"F";52
46;1256;"F";63
35;1257;"F";90
35;1258;"M";94
18;1259;"M";52
57;1260;"F";73
57;1261;"M";67
35;1262;"M";66
35;1263;"F";59
61;1264;"F";42
57;1265;"F";59
71;1266;"F";66
29;1267;"F";64
29;1268;"M";69
1;1269;"F";69
13;1270;"M";88
47;1271;"M";83
8;1272;"M";74
6;1273;"M";40
44;1274;"M";42
1;1275;"F";67
68;1276;"F";76
70;1277;"M";87
72;1278;"M";40
16;1279;"M";62
34;1280;"M";66
34;1281;"F";68
52;1282;"M";82
66;1283;"F";79
66;1284;"M";75
62;1285;"M";79
52;1286;"F";68
65;1287;"F";74
73;1288;"M";46
59;1289;"M";72
35;1290;"M";42
1;1291;"F";54
14;1292;"M";41
1;1293;"M";91
1;1294;"F";88
74;1295;"F";74
55;1296;"F";59
64;1297;"F";100
64;1298;"M";97
2;1299;"F";98
45;1300;"M";39
42;1303;"F";78
37;1304;"M";82
55;1305;"F";73
32;1306;"F";96
74;1307;"M";65
69;1308;"M";64
1;1309;"M";43
41;1310;"F";41
54;1311;"F";61
35;1312;"F";83
54;1313;"M";48
54;1314;"F";43
34;1315;"M";95
67;1316;"F";72
67;1317;"M";73
47;1318;"M";87
35;1321;"F";41
4;1322;"F";73
70;1323;"M";74
66;1324;"F";62
39;1325;"M";73
55;1326;"F";62
20;1327;"F";54
42;1328;"F";81
26;1329;"M";100
66;1330;"M";50
54;1331;"M";55
5;1332;"F";61
48;1333;"M";69
8;1334;"M";40
1;1335;"F";57
1;1336;"M";56
56;1337;"F";39
56;1338;"M";35
22;1339;"M";59
68;1340;"F";79
69;1341;"F";56
1;1343;"F";79
1;1344;"M";83
32;1345;"M";50
13;1346;"M";64
13;1347;"M";48
13;1348;"F";43
26;1349;"F";50
1;1350;"M";59
1;1351;"F";67
54;1352;"F";47
27;1353;"M";59
64;1354;"M";97
35;1355;"F";42
1;1356;"M";86
1;1359;"F";67
1;1360;"M";72
1;1361;"F";96
1;1362;"M";89
6;1363;"F";38
1;1364;"M";84
1;1365;"F";80
12;1366;"F";38
60;1367;"F";53
60;1368;"M";60
41;1369;"M";40
34;1370;"F";53
49;1371;"F";70
28;1372;"F";41
74;1373;"F";43
69;1375;"M";41
18;1376;"M";60
18;1377;"F";67
74;1378;"F";77
74;1379;"M";81
44;1380;"F";65
18;1382;"F";39
29;1383;"M";36
40;1384;"F";65
22;1385;"M";65
22;1386;"F";62
1;1387;"F";41
5;1388;"F";56
43;1389;"F";91
59;1390;"F";39
41;1391;"M";53
50;1392;"M";86
50;1393;"F";84
49;1394;"F";76
49;1395;"M";77
39;1396;"F";72
66;1397;"F";96
35;1401;"M";37
44;1402;"M";82
44;1403;"F";74
11;1404;"F";49
29;1406;"F";70
29;1407;"M";77
49;1408;"M";49
25;1409;"M";67
18;1410;"M";74
18;1411;"F";79
6;1412;"M";39
11;1413;"F";49
70;1414;"F";44
19;1416;"M";90
27;1417;"F";52
41;1418;"F";44
74;1419;"F";100
74;1420;"M";102
20;1421;"F";62
69;1422;"F";42
69;1423;"M";36
8;1424;"M";66
12;1425;"M";50
12;1426;"F";54
14;1427;"F";52
12;1428;"M";98
12;1429;"F";91
64;1430;"F";36
55;1431;"F";88
16;1432;"F";57
72;1433;"F";59
72;1434;"M";51
52;1435;"M";65
29;1438;"F";55
29;1439;"M";44
1;1440;"M";40
42;1441;"F";86
42;1442;"M";85
29;1443;"M";83
29;1444;"F";76
68;1445;"M";77
70;1446;"M";64
70;1447;"F";66
50;1448;"F";61
41;1449;"M";69
61;1450;"F";49
72;1452;"F";78
29;1453;"F";52
73;1454;"M";93
73;1455;"F";91
70;1456;"M";90
70;1457;"F";84
67;1458;"M";80
4;1459;"M";42
23;1460;"F";85
28;1461;"M";48
49;1462;"M";77
70;1463;"F";82
36;1464;"F";90
36;1465;"M";87
39;1466;"M";65
65;1467;"M";94
77;1468;"F";78
54;1469;"F";52
1;1470;"M";76
1;1471;"F";80
1;1472;"F";51
1;1473;"F";86
45;1474;"F";46
19;1475;"M";86
70;1476;"M";48
4;1478;"M";49
1;1479;"M";62
69;1480;"M";75
62;1481;"F";85
46;1482;"F";68
1;1483;"F";67
1;1484;"M";66
7;1485;"M";40
7;1486;"F";44
48;1487;"F";42
31;1488;"M";57
6;1489;"M";90
42;1490;"M";90
19;1491;"M";36
9;1492;"F";50
1;1493;"M";95
1;1494;"F";103
1;1495;"F";87
1;1496;"F";76
53;1497;"F";70
53;1498;"M";77
74;1499;"F";67
1;1500;"M";36
68;1501;"M";72
68;1502;"M";45
58;1503;"M";96
58;1504;"F";100
65;1505;"F";47
22;1506;"M";87
22;1507;"F";89
67;1508;"F";64
62;1509;"F";76
34;1510;"F";70
13;1511;"F";56
5;1512;"F";76
74;1513;"M";59
68;1514;"M";61
38;1516;"F";72
66;1517;"M";62
3;1518;"F";58
3;1519;"M";59
72;1520;"M";62
5;1521;"M";39
52;1522;"F";50
29;1523;"F";87
30;1524;"F";56
1;1525;"M";75
1;1526;"F";83
49;1527;"M";83
57;1528;"M";54
43;1529;"F";46
74;1530;"F";73
52;1531;"F";58
52;1532;"M";56
55;1533;"M";57
17;1534;"F";65
40;1535;"M";82
37;1536;"F";51
54;1537;"M";38
32;1539;"M";95
36;1540;"M";81
36;1541;"F";85
31;1542;"M";98
31;1543;"F";91
28;1546;"M";88
28;1547;"F";90
70;1548;"M";95
70;1549;"F";90
8;1550;"F";72
55;1554;"M";73
30;1555;"M";68
66;1556;"M";68
35;1557;"F";58
11;1558;"F";91
72;1559;"M";78
1;1561;"F";95
1;1562;"M";99
3;1563;"M";40
40;1564;"F";71
71;1565;"M";58
15;1566;"F";52
50;1567;"M";88
50;1568;"F";91
54;1569;"F";62
54;1570;"M";60
7;1571;"F";51
1;1572;"F";54
18;1574;"M";39
55;1575;"F";95
55;1576;"M";99
23;1577;"M";74
40;1578;"F";47
27;1579;"M";55
1;1580;"F";50
56;1581;"F";55
54;1582;"M";84
1;1583;"F";46
1;1584;"F";56
60;1585;"M";83
60;1586;"F";84
23;1587;"M";90
45;1588;"M";68
48;1589;"F";67
13;1590;"F";78
42;1591;"F";65
56;1592;"M";90
56;1593;"F";93
56;1594;"M";79
56;1595;"F";63
58;1596;"F";40
60;1597;"M";62
67;1598;"M";93
43;1599;"M";54
43;1600;"F";53
42;1601;"F";49
42;1602;"M";49
26;1603;"M";50
26;1604;"F";49
52;1605;"F";38
65;1606;"M";36
8;1607;"F";77
53;1608;"M";77
53;1609;"F";74
68;1610;"F";76
59;1611;"F";54
59;1612;"M";59
50;1613;"M";57
21;1614;"M";80
74;1615;"F";66
54;1616;"M";80
5;1617;"F";68
17;1618;"F";38
74;1619;"F";76
74;1620;"M";82
76;1621;"F";66
52;1622;"M";68
36;1623;"M";55
9;1624;"M";53
9;1625;"F";45
12;1628;"F";61
28;1629;"M";52
28;1630;"F";54
74;1631;"M";42
8;1632;"F";75
55;1633;"F";46
55;1634;"M";49
75;1635;"F";88
75;1636;"M";86
21;1637;"M";75
40;1638;"F";64
1;1639;"F";59
51;1640;"F";65
31;1641;"F";95
1;1642;"F";59
39;1643;"F";42
56;1644;"M";42
39;1645;"F";57
8;1646;"M";52
71;1647;"F";40
46;1648;"M";66
46;1649;"F";68
1;1650;"M";65
11;1651;"F";52
42;1653;"M";74
60;1654;"M";54
74;1655;"M";46
22;1656;"F";50
32;1657;"M";83
52;1658;"F";89
1;1659;"F";80
1;1660;"F";35
47;1661;"F";65
53;1662;"M";51
19;1663;"M";61
64;1664;"F";100
64;1665;"M";106
1;1666;"M";77
1;1667;"F";78
20;1668;"F";69
47;1669;"M";66
53;1670;"M";57
57;1671;"F";87
57;1672;"M";90
48;1673;"M";46
11;1674;"F";98
74;1675;"M";78
53;1676;"M";65
53;1677;"F";72
67;1679;"F";76
29;1680;"F";43
34;1681;"M";78
69;1682;"M";62
15;1683;"F";66
15;1684;"M";72
61;1685;"F";74
1;1686;"F";71
1;1687;"M";71
32;1688;"M";95
1;1689;"M";81
46;1690;"F";71
21;1691;"F";40
62;1692;"M";46
45;1693;"F";38
45;1694;"M";38
1;1696;"F";95
55;1697;"F";54
55;1698;"M";51
17;1699;"M";63
7;1700;"M";69
7;1701;"F";73
53;1702;"F";45
50;1703;"M";100
50;1704;"F";104
19;1705;"F";72
19;1706;"M";74
10;1707;"M";67
74;1709;"F";65
54;1710;"M";74
64;1711;"F";56
64;1712;"M";54
65;1713;"M";83
58;1714;"M";73
73;1717;"F";39
75;1718;"M";80
35;1719;"M";48
33;1720;"F";84
33;1721;"M";84
68;1722;"M";85
71;1723;"F";37
68;1724;"F";84
76;1725;"F";59
76;1726;"M";66
32;1727;"M";67
32;1728;"F";72
76;1729;"M";71
40;1730;"M";85
17;1731;"F";50
57;1733;"F";44
26;1734;"M";43
26;1735;"F";42
41;1736;"F";39
27;1737;"M";63
27;1738;"F";55
70;1741;"M";86
1;1742;"M";64
3;1743;"M";59
50;1744;"F";48
23;1745;"F";59
11;1746;"F";59
11;1747;"M";62
64;1748;"M";41
50;1749;"F";90
23;1750;"M";53
54;1751;"M";59
70;1752;"M";40
60;1753;"F";39
57;1754;"M";39
65;1755;"F";53
1;1756;"M";82
1;1757;"F";81
35;1758;"M";71
63;1759;"F";95
77;1760;"M";95
45;1761;"M";70
61;1762;"M";61
46;1763;"M";50
66;1764;"M";47
9;1765;"M";43
29;1768;"M";67
12;1769;"M";69
12;1770;"F";67
54;1771;"F";91
73;1772;"F";39
32;1774;"F";47
73;1775;"M";74
30;1776;"F";64
69;1777;"F";55
69;1778;"M";50
37;1779;"M";83
54;1780;"F";63
67;1781;"M";94
19;1782;"M";69
1;1783;"F";72
2;1784;"F";38
39;1785;"M";43
63;1786;"F";84
63;1787;"M";87
1;1788;"M";68
61;1789;"F";85
1;1790;"M";65
5;1791;"F";52
54;1792;"M";43
41;1793;"F";73
54;1794;"F";78
38;1795;"F";58
10;1796;"M";80
10;1797;"F";77
70;1798;"M";85
36;1799;"M";59
63;1800;"F";75
66;1801;"M";48
66;1802;"F";54
25;1803;"F";72
5;1806;"M";66
47;1807;"M";83
47;1808;"F";85
24;1809;"M";87
41;1810;"M";99
1;1811;"M";79
36;1812;"F";71
36;1813;"M";69
57;1814;"M";78
16;1815;"F";41
62;1816;"M";67
47;1817;"F";64
47;1818;"M";62
43;1819;"F";39
50;1820;"F";90
1;1821;"M";77
71;1822;"F";96
1;1823;"F";40
69;1824;"M";58
51;1825;"F";44
13;1826;"M";81
13;1827;"F";77
69;1828;"M";56
51;1829;"F";76
33;1830;"M";66
51;1831;"M";42
1;1832;"F";52
30;1833;"M";52
7;1834;"M";91
7;1835;"F";90
36;1836;"F";74
67;1837;"M";61
67;1838;"F";59
5;1839;"F";81
5;1840;"M";83
67;1841;"F";65
9;1842;"M";75
48;1843;"F";79
74;1844;"F";96
74;1845;"M";100
48;1846;"M";37
52;1847;"F";39
6;1848;"F";94
57;1849;"F";96
52;1850;"F";76
31;1851;"F";43
50;1852;"M";56
1;1853;"M";53
70;1854;"F";86
54;1856;"F";50
54;1857;"M";54
1;1860;"F";54
29;1861;"M";61
50;1862;"F";41
54;1863;"M";66
22;1864;"M";70
22;1865;"F";69
64;1866;"F";76
1;1867;"F";74
60;1868;"M";38
1;1869;"F";85
1;1870;"M";83
1;1871;"F";38
52;1872;"F";55
52;1873;"M";50
1;1874;"M";72
15;1875;"M";42
1;1876;"M";67
47;1877;"F";61
47;1878;"M";55
21;1879;"F";74
1;1880;"M";44
72;1881;"M";84
72;1882;"F";86
18;1883;"F";57
59;1884;"F";42
47;1885;"F";48
34;1886;"M";98
54;1887;"M";92
66;1888;"F";100
32;1889;"F";61
14;1890;"F";63
62;1891;"F";59
66;1892;"M";90
66;1893;"F";84
1;1894;"F";71
47;1895;"F";53
48;1896;"M";36
36;1897;"F";49
73;1898;"M";57
10;1899;"M";77
23;1900;"M";53
23;1901;"F";56
1;1903;"F";79
66;1904;"M";77
72;1905;"F";69
63;1906;"M";96
75;1907;"F";90
33;1908;"M";98
35;1909;"F";74
67;1910;"M";72
48;1911;"F";80
57;1912;"M";46
69;1913;"M";50
39;1914;"F";76
39;1915;"M";79
28;1916;"M";92
69;1917;"F";49
30;1919;"M";69
42;1920;"M";43
1;1921;"F";72
1;1922;"M";69
1;1923;"F";60
67;1924;"M";80
37;1925;"M";80
37;1926;"F";83
77;1927;"M";66
77;1928;"F";66
65;1929;"F";63
38;1930;"F";84
16;1931;"F";76
15;1932;"F";78
70;1934;"F";85
68;1935;"F";89
15;1936;"F";63
15;1937;"M";58
57;1938;"F";79
1;1939;"M";93
1;1940;"F";95
10;1941;"F";97
10;1942;"M";103
39;1943;"M";92
31;1944;"F";61
54;1945;"M";64
72;1946;"M";83
23;1947;"M";37
71;1948;"F";79
71;1949;"M";76
26;1950;"M";89
41;1951;"M";47
52;1952;"F";47
52;1953;"M";53
69;1954;"M";66
66;1955;"F";47
1;1956;"F";93
63;1957;"M";46
63;1958;"F";41
1;1959;"M";97
22;1960;"M";72
31;1961;"F";98
6;1962;"M";68
38;1963;"M";73
17;1964;"M";87
75;1965;"M";79
19;1966;"F";70
1;1967;"F";55
1;1968;"M";58
53;1969;"F";92
1;1970;"F";71
3;1971;"F";49
1;1972;"F";72
60;1973;"F";87
10;1974;"M";100
10;1975;"F";103
72;1976;"M";100
10;1977;"F";83
18;1978;"F";66
51;1979;"F";92
77;1980;"M";59
19;1981;"F";48
53;1982;"M";41
53;1983;"F";36
1;1984;"M";92
6;1985;"M";80
6;1986;"F";76
13;1988;"M";66
50;1989;"F";79
50;1990;"M";75
64;1991;"M";100
1;1993;"M";43
1;1994;"F";51
50;1995;"F";77
1;1996;"M";81
1;1997;"F";41
40;1998;"F";39
74;1999;"F";36
39;2000;"F";76
34;2001;"F";41
70;2002;"F";100
70;2003;"M";97
1;2004;"F";44
30;2005;"M";39
41;2006;"F";56
41;2007;"M";60
47;2008;"M";78
12;2009;"M";82
37;2010;"M";66
46;2011;"F";93
46;2012;"M";95
1;2013;"F";78
1;2015;"F";50
55;2016;"M";84
55;2017;"F";87
56;2018;"F";73
73;2019;"M";86
73;2020;"F";92
67;2021;"M";98
56;2022;"M";79
56;2023;"F";87
62;2024;"M";84
39;2025;"M";76
39;2026;"F";83
12;2027;"M";88
12;2028;"F";94
5;2029;"F";95
5;2030;"F";38
54;2031;"M";91
1;2032;"M";75
1;2033;"F";81
13;2034;"M";92
13;2035;"F";90
69;2037;"F";70
1;2038;"F";38
68;2039;"F";49
59;2040;"M";74
68;2041;"M";62
49;2042;"M";36
77;2043;"F";64
32;2044;"F";57
28;2045;"M";62
28;2046;"F";66
11;2047;"F";75
23;2048;"F";90
70;2049;"M";91
70;2050;"F";86
74;2051;"F";99
74;2052;"M";104
16;2053;"M";100
48;2054;"M";69
56;2055;"F";42
1;2056;"M";39
6;2057;"F";42
76;2058;"M";47
43;2059;"M";46
43;2060;"F";47
63;2061;"M";65
63;2062;"F";64
68;2063;"F";68
53;2064;"M";92
64;2065;"M";40
1;2066;"M";46
56;2067;"M";39
72;2068;"F";88
70;2069;"F";95
70;2070;"F";46
1;2071;"M";44
75;2072;"F";74
22;2073;"M";62
24;2074;"F";57
74;2075;"M";96
63;2076;"F";61
44;2077;"F";88
10;2078;"F";40
72;2079;"F";93
60;2080;"M";54
46;2081;"F";46
67;2082;"M";85
71;2083;"M";75
1;2084;"F";89
1;2085;"M";90
35;2086;"F";64
68;2087;"M";41
32;2088;"F";70
70;2089;"F";51
70;2090;"M";48
48;2091;"F";90
72;2092;"M";73
48;2093;"M";48
48;2094;"F";43
9;2095;"M";44
74;2096;"F";44
53;2097;"M";82
53;2098;"F";79
1;2099;"M";100
33;2100;"F";87
33;2101;"M";83
51;2102;"M";77
18;2103;"F";74
37;2104;"M";70
42;2105;"F";71
74;2106;"F";97
74;2107;"M";95
77;2108;"F";73
15;2109;"F";68
3;2110;"F";51
57;2111;"F";94
21;2112;"M";91
68;2113;"M";81
51;2114;"M";100
51;2115;"F";104
76;2116;"M";88
53;2117;"M";73
1;2118;"M";48
30;2119;"F";58
64;2121;"M";39
1;2122;"F";48
53;2123;"M";36
68;2124;"F";69
71;2125;"M";43
52;2126;"F";43
38;2128;"F";63
75;2129;"M";55
21;2130;"F";73
39;2131;"F";43
39;2132;"M";49
53;2133;"F";97
53;2134;"M";100
24;2135;"F";78
28;2136;"F";78
73;2137;"F";56
68;2138;"M";37
18;2139;"F";86
18;2140;"M";92
28;2141;"M";67
21;2142;"F";76
21;2143;"M";70
15;2144;"F";58
39;2145;"F";49
65;2146;"M";45
69;2147;"F";55
31;2148;"F";65
33;2149;"F";95
61;2150;"M";77
61;2151;"F";72
17;2152;"F";89
36;2153;"F";69
60;2154;"F";61
15;2155;"M";60
33;2156;"F";51
11;2157;"M";73
10;2158;"M";37
74;2159;"F";88
70;2160;"M";73
1;2161;"F";98
1;2162;"M";105
52;2163;"M";100
47;2164;"M";77
47;2165;"F";73
30;2166;"F";71
1;2167;"M";36
46;2168;"F";55
46;2169;"M";47
70;2170;"M";76
1;2171;"M";60
7;2172;"F";89
56;2173;"F";66
74;2174;"F";66
53;2175;"F";76
18;2176;"M";72
24;2177;"F";76
46;2178;"M";79
9;2179;"F";79
51;2180;"F";46
46;2181;"M";50
75;2182;"F";89
75;2183;"M";87
24;2184;"M";48
20;2185;"F";61
48;2186;"F";76
40;2187;"M";85
40;2188;"F";93
21;2189;"F";56
28;2190;"M";44
28;2191;"F";39
1;2192;"F";62
1;2193;"M";66
50;2194;"F";57
68;2195;"F";76
31;2196;"F";63
47;2197;"F";55
17;2198;"F";98
17;2199;"M";106
66;2200;"M";65
44;2201;"M";89
44;2202;"F";90
10;2203;"M";79
54;2204;"F";72
55;2205;"M";65
10;2206;"F";54
70;2207;"F";57
70;2208;"M";59
30;2209;"F";91
30;2210;"M";85
3;2211;"F";98
52;2212;"M";46
3;2213;"M";50
5;2214;"M";72
10;2215;"M";93
1;2216;"F";46
1;2217;"M";44
43;2218;"M";50
43;2219;"F";54
20;2220;"F";66
20;2221;"M";73
1;2222;"F";84
70;2223;"F";75
54;2224;"M";86
4;2225;"F";58
74;2226;"F";54
42;2227;"M";43
43;2228;"F";78
68;2229;"M";74
5;2230;"M";49
21;2231;"F";47
36;2232;"M";51
36;2233;"F";53
14;2235;"F";78
44;2236;"F";40
47;2237;"M";60
47;2238;"F";64
6;2239;"F";42
47;2240;"F";86
47;2241;"M";91
1;2242;"F";42
1;2243;"M";38
55;2246;"F";65
35;2247;"F";40
7;2248;"M";43
32;2249;"F";72
34;2250;"F";79
26;2251;"F";47
37;2252;"M";53
37;2253;"F";61
72;2254;"F";90
50;2255;"F";95
70;2256;"M";44
62;2257;"F";39
62;2258;"M";39
19;2259;"F";68
62;2260;"F";56
62;2261;"M";62
1;2263;"M";84
4;2264;"M";75
52;2265;"M";41
16;2266;"M";79
1;2267;"F";52
10;2268;"M";79
48;2269;"F";55
61;2270;"F";58
61;2271;"M";54
9;2274;"M";54
9;2275;"F";53
44;2276;"F";86
1;2277;"M";39
76;2278;"M";97
52;2279;"M";65
10;2280;"F";44
76;2281;"F";40
60;2282;"M";45
1;2283;"M";57
54;2286;"F";52
47;2287;"M";39
32;2288;"F";61
32;2289;"M";64
31;2290;"F";64
6;2291;"M";61
59;2292;"M";97
1;2293;"M";49
32;2294;"F";65
22;2295;"F";79
22;2296;"M";76
48;2297;"M";53
48;2298;"F";49
6;2299;"F";78
35;2300;"F";57
35;2301;"M";57
74;2302;"M";61
61;2303;"F";79
61;2304;"M";79
70;2305;"F";69
70;2306;"M";75
26;2307;"M";95
27;2308;"F";44
15;2309;"F";42
40;2310;"M";79
40;2311;"F";83
11;2312;"F";43
70;2313;"M";38
34;2314;"F";58
34;2315;"M";55
1;2316;"M";48
1;2317;"M";42
20;2318;"F";95
40;2319;"F";48
60;2320;"M";67
68;2321;"F";50
15;2322;"M";90
48;2323;"F";76
27;2324;"M";40
2;2325;"F";63
72;2326;"F";72
73;2327;"M";99
24;2328;"M";50
18;2329;"M";45
40;2330;"F";70
42;2331;"F";61
60;2332;"F";68
60;2333;"M";69
66;2335;"F";84
12;2336;"M";96
12;2337;"F";101
58;2338;"F";61
58;2339;"M";61
42;2340;"M";65
42;2341;"F";71
70;2342;"M";69
1;2343;"M";59
3;2344;"F";94
33;2345;"M";76
33;2346;"F";71
35;2347;"F";74
35;2348;"M";85
46;2349;"F";50
46;2350;"M";51
38;2351;"M";53
70;2352;"F";41
4;2353;"F";89
1;2354;"M";50
6;2355;"F";70
52;2356;"M";88
52;2357;"F";81
74;2358;"F";72
74;2359;"M";65
9;2361;"M";50
9;2362;"F";44
43;2363;"M";71
56;2364;"F";47
46;2365;"F";65
35;2366;"M";88
35;2367;"F";87
64;2368;"F";74
64;2369;"M";77
41;2370;"F";62
70;2371;"F";62
23;2372;"F";47
15;2373;"M";64
9;2374;"M";50
72;2375;"F";53
72;2376;"M";54
49;2377;"M";68
63;2378;"F";65
33;2379;"F";54
40;2380;"M";91
40;2381;"F";87
62;2382;"F";91
31;2383;"F";71
31;2384;"M";71
13;2385;"M";85
13;2386;"F";84
77;2387;"F";73
42;2388;"M";47
25;2389;"M";94
57;2390;"M";80
1;2391;"M";76
26;2392;"M";63
16;2393;"F";42
5;2394;"M";56
8;2395;"M";65
41;2396;"F";69
46;2397;"M";100
71;2398;"F";63
42;2399;"F";75
19;2400;"M";59
26;2401;"F";70
41;2402;"M";70
1;2403;"F";55
27;2404;"F";41
27;2405;"M";43
49;2406;"F";62
51;2407;"M";43
6;2408;"F";78
54;2409;"M";54
73;2410;"F";45
73;2411;"M";50
20;2412;"M";38
46;2413;"M";57
54;2414;"F";68
54;2415;"M";61
72;2416;"F";63
48;2417;"F";80
1;2418;"F";64
1;2419;"F";64
48;2420;"F";46
48;2421;"M";48
68;2422;"F";42
42;2423;"M";61
54;2424;"M";98
6;2425;"F";41
74;2426;"M";91
74;2427;"F";84
1;2428;"F";72
70;2429;"M";45
5;2430;"M";81
75;2431;"M";52
27;2432;"F";94
32;2433;"M";54
42;2434;"F";73
16;2435;"F";75
25;2436;"F";84
45;2437;"M";81
52;2438;"F";72
52;2439;"M";74
17;2440;"M";83
1;2441;"M";90
1;2442;"F";91
75;2443;"M";69
4;2444;"M";84
54;2445;"M";49
68;2447;"M";46
68;2448;"F";47
1;2449;"M";50
54;2450;"F";43
42;2451;"M";78
64;2452;"F";66
13;2453;"M";94
69;2454;"F";78
72;2455;"M";99
72;2456;"F";94
68;2457;"M";78
68;2458;"F";86
20;2459;"F";44
19;2460;"F";55
64;2461;"M";51
19;2462;"M";84
7;2463;"M";73
30;2464;"M";73
51;2465;"M";45
36;2467;"F";72
71;2468;"M";53
54;2469;"F";61
53;2470;"M";75
53;2471;"F";76
70;2472;"F";42
20;2473;"F";42
42;2474;"M";61
44;2475;"F";36
75;2476;"F";61
75;2477;"M";66
48;2478;"F";78
31;2479;"F";59
46;2480;"F";41
6;2481;"M";70
34;2482;"M";93
34;2483;"F";88
68;2484;"M";48
20;2485;"M";85
76;2486;"F";57
67;2487;"F";51
9;2488;"F";38
64;2489;"F";43
61;2490;"F";57
5;2491;"F";79
5;2492;"M";74
1;2493;"M";56
37;2494;"M";47
58;2495;"F";78
1;2496;"M";46
34;2497;"F";56
37;2498;"M";38
13;2499;"M";74
24;2500;"F";72
70;2501;"F";77
1;2502;"F";83
54;2503;"F";41
61;2504;"M";68
25;2505;"F";58
76;2506;"M";42
37;2507;"F";66
72;2508;"F";53
72;2509;"M";47
72;2510;"F";59
35;2511;"F";43
35;2512;"M";44
41;2513;"M";77
59;2514;"M";61
12;2515;"M";60
33;2516;"F";76
18;2517;"M";94
18;2518;"F";97
29;2519;"F";48
62;2520;"M";74
55;2521;"F";71
74;2522;"M";81
74;2523;"F";80
36;2524;"M";59
36;2525;"F";66
1;2526;"M";54
44;2527;"F";71
25;2528;"M";41
70;2529;"M";79
8;2530;"M";68
5;2531;"F";64
29;2532;"M";81
40;2533;"F";89
1;2534;"M";75
1;2535;"M";73
64;2536;"M";57
73;2537;"M";61
56;2538;"M";38
32;2539;"F";46
46;2540;"M";37
3;2542;"M";73
3;2543;"F";66
9;2545;"F";65
41;2546;"F";56
48;2547;"F";65
48;2548;"M";65
70;2549;"F";95
1;2550;"F";42
70;2551;"F";79
74;2552;"F";54
34;2553;"M";42
64;2554;"M";77
42;2555;"M";55
44;2556;"F";67
7;2557;"M";61
30;2558;"M";59
8;2559;"F";53
70;2560;"F";44
48;2561;"M";73
42;2562;"M";66
74;2563;"M";47
64;2565;"M";72
29;2566;"F";55
64;2567;"M";75
64;2568;"F";80
69;2569;"M";70
69;2570;"F";71
43;2571;"F";39
1;2572;"M";65
1;2573;"F";53
29;2574;"F";86
46;2576;"F";39
70;2577;"M";100
76;2578;"M";64
11;2579;"F";83
11;2580;"M";83
52;2581;"F";65
51;2582;"M";79
75;2583;"M";81
4;2584;"F";73
75;2585;"F";47
8;2586;"M";52
8;2587;"F";45
33;2588;"M";60
21;2589;"M";55
42;2590;"F";54
42;2591;"M";58
1;2592;"F";38
1;2593;"M";41
55;2594;"M";55
31;2596;"M";57
28;2597;"F";49
28;2598;"M";53
1;2599;"M";72
7;2600;"F";95
37;2601;"M";57
37;2602;"F";52
38;2603;"F";46
22;2604;"M";92
22;2605;"F";93
31;2606;"M";75
63;2607;"M";75
58;2608;"F";75
1;2609;"M";41
1;2610;"F";38
77;2611;"M";80
38;2612;"M";43
1;2613;"M";41
72;2614;"M";72
64;2615;"F";73
50;2616;"M";48
50;2617;"F";56
17;2618;"M";76
63;2619;"F";49
63;2620;"M";50
51;2621;"M";62
71;2622;"M";45
16;2623;"F";53
57;2625;"M";46
1;2626;"M";78
1;2628;"F";87
1;2629;"M";86
64;2630;"F";81
18;2631;"M";48
18;2632;"F";55
1;2633;"F";51
67;2635;"F";51
28;2636;"M";100
64;2637;"M";83
1;2638;"M";76
45;2639;"F";68
45;2640;"M";67
22;2642;"M";45
54;2643;"F";72
6;2644;"F";54
67;2645;"M";98
63;2646;"F";81
9;2647;"M";78
9;2648;"F";84
75;2650;"M";43
75;2651;"F";49
41;2652;"F";69
1;2653;"M";68
59;2654;"F";79
44;2655;"M";55
54;2656;"M";63
73;2657;"M";70
11;2658;"M";85
46;2659;"M";77
1;2661;"F";57
1;2662;"M";40
8;2663;"M";42
47;2666;"F";83
9;2667;"M";46
9;2668;"F";43
51;2669;"M";91
45;2670;"M";82
35;2671;"F";46
7;2672;"F";78
65;2673;"M";59
65;2674;"F";66
31;2675;"M";94
61;2676;"M";57
33;2677;"M";96
33;2678;"F";100
1;2679;"M";80
1;2680;"F";73
45;2681;"F";47
45;2682;"M";43
48;2683;"F";89
74;2684;"F";65
73;2685;"F";49
19;2686;"F";67
19;2687;"M";69
60;2688;"F";51
16;2689;"M";95
58;2690;"F";46
47;2691;"M";54
44;2692;"M";93
46;2693;"F";42
15;2694;"F";91
15;2695;"M";89
2;2696;"M";71
2;2697;"F";70
31;2698;"F";48
31;2699;"M";41
34;2700;"M";73
1;2701;"M";66
7;2702;"M";99
2;2703;"F";45
1;2704;"F";69
43;2705;"M";94
3;2706;"M";51
45;2707;"M";49
73;2708;"M";60
26;2709;"M";72
25;2712;"M";62
36;2713;"M";56
6;2714;"F";48
7;2715;"M";61
25;2716;"F";49
46;2717;"M";88
46;2718;"F";85
29;2719;"F";54
1;2720;"F";69
24;2721;"F";68
35;2724;"M";43
1;2726;"F";45
1;2727;"M";50
74;2728;"M";96
1;2729;"M";52
52;2730;"M";71
38;2731;"M";90
57;2732;"F";65
3;2733;"F";91
3;2734;"M";84
64;2735;"M";90
1;2736;"F";60
1;2738;"M";67
13;2739;"M";68
36;2740;"F";51
41;2741;"F";88
65;2742;"F";70
50;2743;"F";79
50;2744;"M";75
54;2745;"F";79
1;2746;"M";47
6;2747;"M";82
6;2748;"F";82
14;2749;"F";97
14;2750;"M";105
68;2751;"F";61
48;2752;"M";47
66;2754;"F";40
1;2755;"F";48
31;2756;"F";99
1;2758;"M";72
2;2759;"M";44
68;2760;"F";42
1;2761;"F";41
29;2762;"F";65
36;2765;"F";37
70;2766;"M";59
70;2767;"F";64
1;2768;"M";54
69;2769;"M";81
1;2770;"M";64
37;2771;"M";98
37;2772;"F";95
49;2773;"F";99
49;2774;"M";97
41;2775;"F";40
31;2776;"F";84
46;2777;"F";48
57;2778;"M";54
29;2779;"M";70
29;2780;"F";71
46;2781;"F";58
31;2782;"M";78
1;2783;"M";78
36;2784;"F";60
22;2785;"M";56
24;2786;"M";67
41;2787;"F";42
49;2788;"F";67
1;2789;"F";66
16;2790;"M";43
60;2791;"M";97
18;2794;"M";53
18;2795;"F";50
15;2796;"M";44
28;2797;"M";68
65;2798;"M";87
4;2799;"F";56
2;2800;"M";69
75;2801;"M";99
1;2802;"F";52
68;2803;"M";87
68;2804;"F";82
73;2805;"M";54
58;2806;"F";63
8;2808;"F";44
33;2809;"M";39
72;2810;"M";47
1;2811;"F";71
55;2812;"F";48
70;2813;"M";77
19;2814;"F";45
35;2815;"M";88
35;2816;"F";80
1;2817;"F";41
54;2818;"M";55
8;2819;"M";38
77;2820;"M";51
45;2821;"F";38
50;2822;"M";60
70;2823;"F";71
39;2824;"M";77
65;2825;"M";60
59;2826;"M";83
63;2827;"M";95
14;2828;"F";69
33;2829;"F";78
51;2830;"M";44
68;2831;"F";38
13;2832;"M";91
13;2833;"F";95
52;2834;"M";69
27;2835;"M";52
38;2836;"F";99
38;2837;"M";91
65;2838;"M";53
72;2839;"F";90
72;2840;"M";84
18;2841;"F";45
74;2842;"M";60
70;2843;"F";52
51;2844;"M";56
7;2845;"M";66
1;2846;"F";49
34;2847;"F";76
34;2848;"M";79
19;2849;"M";90
7;2850;"M";48
54;2851;"M";79
26;2852;"F";76
28;2853;"F";62
16;2854;"M";69
16;2855;"F";61
47;2856;"M";95
33;2857;"M";91
42;2858;"F";92
68;2859;"F";90
28;2860;"M";60
49;2862;"F";54
49;2863;"M";50
51;2864;"F";66
15;2865;"M";70
15;2866;"F";69
1;2867;"F";58
14;2868;"M";84
1;2869;"M";43
29;2870;"M";59
71;2871;"F";51
77;2872;"F";85
16;2873;"F";43
34;2874;"M";46
46;2875;"M";82
1;2876;"M";41
59;2877;"M";86
68;2878;"M";71
40;2879;"M";41
60;2880;"M";65
12;2881;"F";51
70;2882;"M";86
30;2883;"M";65
40;2884;"F";60
1;2885;"F";53
1;2886;"M";60
2;2887;"F";57
1;2888;"F";40
25;2889;"M";74
62;2890;"M";67
62;2891;"F";61
3;2892;"F";77
2;2893;"F";91
70;2894;"F";70
70;2895;"F";41
1;2896;"F";43
40;2897;"M";93
40;2898;"F";98
16;2899;"M";100
18;2900;"M";95
25;2901;"F";79
8;2902;"F";59
8;2903;"M";59
64;2904;"F";72
64;2905;"M";67
5;2906;"M";83
5;2907;"F";86
1;2908;"M";47
26;2909;"M";82
76;2910;"M";82
45;2911;"M";86
45;2912;"F";93
44;2913;"M";55
33;2915;"F";64
1;2916;"M";46
16;2917;"M";78
5;2918;"M";51
5;2919;"F";48
44;2920;"F";56
64;2921;"F";41
43;2922;"M";78
35;2923;"F";41
18;2924;"F";77
18;2925;"M";71
27;2926;"M";84
27;2927;"F";88
38;2928;"M";86
1;2929;"M";60
41;2930;"M";77
1;2932;"F";78
72;2933;"M";75
72;2934;"F";70
61;2935;"F";74
3;2936;"F";73
74;2937;"M";69
8;2938;"F";97
8;2939;"M";100
1;2940;"M";53
38;2941;"M";67
67;2942;"F";52
1;2943;"F";38
71;2944;"F";75
74;2945;"M";97
74;2946;"F";92
19;2947;"F";61
47;2948;"M";40
14;2949;"M";75
46;2950;"M";74
76;2951;"F";68
52;2952;"F";40
3;2953;"M";82
38;2954;"F";59
38;2955;"M";66
23;2956;"M";79
23;2957;"M";40
48;2958;"M";43
54;2959;"M";61
1;2960;"M";89
1;2961;"F";84
1;2962;"M";80
1;2963;"F";79
8;2964;"M";40
30;2965;"F";100
65;2966;"M";63
53;2967;"F";57
40;2968;"M";56
55;2969;"M";95
55;2970;"F";96
1;2971;"F";40
1;2972;"M";42
56;2974;"F";67
33;2975;"F";75
57;2976;"F";96
39;2977;"M";55
33;2978;"F";70
4;2979;"F";56
11;2980;"M";44
16;2981;"F";69
6;2982;"F";45
6;2983;"M";51
60;2984;"F";55
60;2985;"M";58
14;2986;"M";66
14;2987;"F";72
33;2988;"M";57
17;2989;"F";69
32;2990;"F";80
32;2991;"M";77
11;2992;"M";52
18;2994;"M";55
35;2995;"F";77
1;2996;"M";53
1;2997;"F";77
1;2998;"M";57
74;2999;"F";39
41;3000;"F";90
1;3001;"M";60
42;3002;"F";63
69;3003;"F";45
69;3004;"M";47
43;3005;"M";87
22;3006;"F";45
76;3007;"M";54
73;3008;"M";98
62;3009;"F";61
62;3010;"M";58
74;3011;"M";63
70;3012;"F";63
51;3013;"F";68
51;3014;"M";65
73;3015;"M";66
40;3016;"M";41
2;3017;"M";77
61;3018;"M";40
30;3019;"M";49
32;3020;"F";76
1;3021;"M";57
1;3022;"F";64
16;3023;"M";59
60;3024;"M";89
60;3025;"F";85
22;3026;"M";71
62;3027;"M";59
34;3028;"F";86
43;3029;"M";48
68;3030;"F";42
40;3031;"F";53
40;3032;"M";59
27;3035;"M";54
16;3036;"F";77
64;3037;"M";76
6;3038;"F";72
55;3039;"F";49
4;3041;"F";91
18;3042;"F";50
63;3043;"F";67
36;3044;"M";73
10;3045;"F";68
1;3046;"F";93
45;3047;"M";43
16;3048;"F";95
6;3049;"M";51
6;3050;"F";51
65;3051;"M";90
74;3054;"M";60
51;3055;"M";87
38;3056;"F";59
38;3057;"M";56
49;3058;"F";75
61;3059;"M";41
61;3060;"M";58
61;3061;"F";53
41;3062;"F";88
27;3063;"M";47
42;3064;"M";88
24;3065;"F";97
54;3066;"F";36
57;3067;"F";66
57;3068;"M";64
21;3069;"M";75
46;3070;"M";97
38;3071;"F";51
1;3072;"M";82
1;3073;"F";81
1;3074;"M";60
74;3075;"M";77
57;3076;"F";56
50;3077;"F";84
50;3078;"M";86
67;3079;"M";75
5;3080;"F";67
5;3081;"M";73
52;3082;"F";39
41;3083;"M";47
23;3084;"F";67
62;3085;"F";72
62;3086;"M";70
46;3087;"F";59
40;3088;"M";68
46;3089;"M";44
32;3090;"M";50
15;3091;"F";52
59;3092;"F";51
35;3093;"M";52
48;3094;"M";68
36;3095;"M";65
74;3096;"M";36
48;3097;"M";70
17;3098;"M";80
17;3099;"M";53
2;3100;"M";87
1;3101;"M";76
61;3102;"F";39
64;3103;"F";45
4;3104;"F";36
68;3105;"M";71
72;3106;"F";90
30;3107;"M";58
30;3108;"F";56
7;3109;"F";86
54;3110;"M";87
54;3111;"F";94
24;3112;"M";79
60;3113;"F";47
60;3114;"M";47
72;3115;"M";57
28;3116;"M";67
62;3117;"F";77
62;3118;"M";78
50;3119;"F";82
75;3120;"M";54
57;3121;"F";62
57;3122;"M";59
1;3123;"M";39
5;3124;"F";60
10;3125;"F";96
47;3126;"M";80
1;3127;"F";98
69;3128;"F";74
5;3129;"F";72
19;3130;"F";63
1;3131;"F";83
1;3132;"F";43
31;3133;"F";45
1;3134;"M";80
48;3135;"M";49
1;3136;"M";54
70;3137;"M";71
70;3138;"F";75
46;3139;"F";62
46;3140;"M";59
9;3141;"F";93
68;3142;"M";99
21;3143;"F";74
1;3144;"M";99
1;3145;"F";97
1;3146;"M";70
19;3147;"F";54
3;3148;"M";76
3;3149;"F";83
54;3150;"F";86
1;3151;"F";67
1;3152;"M";82
26;3153;"M";94
26;3154;"F";92
44;3155;"F";45
68;3156;"F";64
1;3157;"F";76
1;3158;"F";78
24;3159;"M";88
20;3160;"M";67
66;3161;"M";38
55;3162;"M";58
1;3163;"F";54
1;3164;"M";56
3;3165;"F";42
31;3166;"M";63
48;3167;"F";75
76;3170;"M";97
76;3171;"F";94
64;3172;"M";66
66;3173;"F";72
66;3174;"M";66
64;3175;"F";68
1;3176;"M";81
24;3177;"M";80
25;3178;"F";49
45;3179;"F";70
45;3180;"M";74
27;3181;"M";75
18;3182;"F";93
70;3183;"M";38
5;3184;"F";59
17;3185;"F";46
1;3186;"F";63
7;3187;"M";66
68;3188;"F";42
1;3190;"F";98
56;3191;"F";43
6;3192;"M";79
28;3193;"F";68
51;3194;"F";43
2;3195;"F";47
72;3196;"F";40
1;3197;"M";60
1;3198;"F";65
1;3199;"F";60
1;3200;"M";64
66;3201;"F";65
56;3202;"M";96
1;3203;"F";59
1;3204;"M";62
1;3205;"F";97
1;3206;"M";97
55;3207;"F";92
27;3208;"M";71
27;3209;"F";79
14;3210;"M";55
17;3211;"F";51
1;3213;"M";77
71;3214;"M";96
64;3215;"F";82
58;3216;"M";59
61;3217;"M";41
49;3218;"M";52
49;3219;"F";59
23;3220;"M";61
23;3221;"F";65
21;3222;"M";41
13;3225;"M";61
1;3226;"M";67
59;3227;"F";68
34;3228;"M";61
50;3229;"M";39
1;3230;"F";36
21;3231;"M";57
5;3232;"M";42
1;3233;"M";38
67;3234;"F";99
46;3235;"F";68
28;3236;"F";58
7;3239;"F";37
67;3240;"F";80
26;3241;"M";84
26;3242;"F";81
71;3243;"F";98
72;3244;"M";85
70;3245;"M";65
66;3246;"M";87
69;3247;"F";60
28;3248;"F";89
17;3249;"M";59
17;3250;"F";56
52;3251;"F";55
52;3252;"M";57
70;3253;"M";72
1;3254;"M";88
8;3255;"F";48
49;3256;"M";42
73;3257;"F";40
74;3258;"F";58
71;3259;"M";68
74;3260;"F";76
74;3261;"M";68
61;3262;"F";77
63;3264;"F";68
47;3265;"F";55
47;3266;"M";58
61;3267;"M";67
1;3268;"F";62
2;3269;"M";44
12;3270;"M";78
58;3271;"F";76
9;3272;"F";98
9;3273;"M";100
26;3274;"M";89
26;3275;"F";94
52;3276;"M";38
42;3277;"M";52
42;3278;"F";56
66;3279;"F";64
66;3280;"M";60
74;3281;"M";67
29;3282;"M";37
10;3283;"M";85
2;3284;"M";82
2;3285;"F";75
74;3286;"F";46
74;3287;"M";40
69;3288;"M";92
75;3289;"F";41
11;3290;"F";49
52;3291;"M";71
18;3292;"M";78
1;3293;"F";65
52;3294;"M";61
40;3295;"F";52
23;3296;"M";49
1;3297;"M";50
5;3298;"F";76
76;3299;"F";57
53;3300;"M";68
52;3302;"F";54
52;3303;"M";53
69;3304;"M";79
41;3305;"F";47
27;3306;"M";70
14;3307;"F";39
15;3308;"M";70
15;3309;"F";76
23;3310;"M";64
51;3311;"M";64
70;3312;"F";47
60;3313;"F";72
24;3314;"F";86
24;3315;"M";84
1;3316;"F";70
1;3317;"M";68
1;3319;"F";39
1;3320;"M";46
13;3321;"F";49
31;3322;"M";70
74;3323;"F";37
26;3324;"F";47
26;3325;"M";55
57;3326;"F";65
20;3327;"F";81
24;3328;"M";52
54;3329;"M";57
54;3330;"F";63
70;3331;"F";48
46;3332;"F";49
10;3333;"F";69
1;3334;"M";51
11;3335;"M";51
64;3336;"F";67
53;3337;"M";66
69;3338;"F";76
31;3339;"F";42
54;3340;"M";42
54;3341;"F";49
73;3342;"M";45
42;3344;"M";57
37;3345;"F";77
37;3346;"M";77
11;3347;"M";82
38;3348;"F";40
42;3349;"M";54
30;3350;"M";68
30;3351;"F";76
23;3352;"M";99
23;3353;"F";99
62;3354;"F";75
38;3355;"M";65
73;3356;"M";44
63;3357;"F";64
16;3358;"M";43
1;3359;"M";73
43;3360;"F";42
40;3361;"F";88
1;3365;"F";52
54;3366;"F";59
54;3367;"M";66
14;3368;"F";66
1;3369;"M";66
25;3370;"M";99
25;3371;"F";99
1;3372;"M";48
5;3373;"M";66
5;3374;"F";58
74;3375;"M";64
11;3376;"F";73
11;3377;"M";80
5;3378;"M";61
5;3379;"F";69
74;3380;"F";40
70;3381;"F";53
54;3382;"M";64
54;3383;"F";62
41;3384;"F";76
11;3385;"F";94
49;3386;"F";78
58;3387;"M";75
53;3388;"F";53
39;3389;"F";51
53;3390;"F";46
42;3391;"M";47
1;3392;"F";43
73;3393;"F";64
66;3394;"F";38
4;3395;"M";55
18;3396;"F";41
24;3397;"F";44
24;3398;"M";49
72;3399;"M";86
74;3402;"F";66
74;3403;"M";61
56;3404;"F";78
40;3405;"M";68
40;3406;"F";71
35;3407;"F";45
35;3408;"M";44
36;3409;"M";99
54;3410;"M";53
57;3412;"M";43
57;3413;"F";49
11;3414;"F";71
54;3415;"F";45
35;3416;"M";40
35;3417;"F";33
70;3418;"F";55
66;3420;"M";39
20;3421;"M";71
1;3422;"F";67
12;3423;"F";47
64;3424;"M";100
70;3425;"M";48
73;3426;"M";40
42;3427;"M";38
42;3428;"F";31
46;3429;"M";77
3;3430;"M";67
70;3431;"F";39
15;3432;"M";45
71;3433;"M";56
71;3434;"F";62
4;3435;"F";73
30;3436;"M";60
30;3437;"F";59
43;3438;"M";76
62;3439;"M";51
1;3440;"F";80
75;3441;"M";60
1;3443;"F";83
57;3444;"M";41
17;3445;"F";39
70;3446;"M";61
54;3447;"F";69
1;3448;"M";63
27;3449;"M";90
25;3450;"M";42
19;3451;"M";44
19;3452;"F";43
56;3453;"M";68
11;3454;"F";69
11;3455;"M";61
54;3456;"F";73
75;3457;"F";95
33;3458;"M";65
14;3459;"F";54
14;3460;"M";53
54;3461;"M";60
54;3462;"F";53
1;3463;"F";39
43;3464;"M";65
30;3465;"M";76
1;3466;"F";82
1;3467;"M";78
68;3468;"F";84
1;3469;"F";43
52;3470;"F";81
1;3471;"F";66
70;3472;"F";72
70;3473;"M";70
32;3474;"F";63
19;3475;"M";61
60;3476;"F";50
37;3477;"M";53
1;3478;"M";92
1;3479;"F";85
15;3480;"F";67
15;3481;"M";61
71;3482;"F";77
70;3483;"M";77
44;3484;"M";46
77;3485;"M";96
77;3486;"M";56
1;3487;"M";59
1;3488;"M";63
76;3489;"M";52
19;3490;"M";98
19;3491;"F";96
8;3492;"F";47
69;3493;"F";53
42;3494;"M";49
64;3495;"F";77
64;3496;"M";69
39;3497;"F";48
77;3498;"M";80
19;3499;"M";49
29;3500;"M";58
51;3501;"M";54
54;3502;"M";66
54;3503;"F";65
40;3504;"M";66
20;3505;"M";40
1;3506;"F";57
32;3507;"F";71
38;3508;"M";48
38;3509;"F";53
13;3510;"M";79
74;3511;"M";55
49;3512;"M";72
70;3513;"M";96
70;3514;"F";100
61;3515;"F";43
58;3516;"F";47
68;3517;"F";65
33;3518;"F";63
74;3519;"M";68
8;3520;"F";90
4;3521;"M";54
57;3522;"M";55
6;3523;"M";54
68;3524;"F";73
15;3525;"M";44
15;3526;"F";41
77;3527;"M";40
73;3528;"F";48
54;3529;"M";45
16;3530;"F";47
43;3531;"M";98
56;3532;"M";83
1;3533;"F";55
50;3534;"F";47
37;3535;"M";45
55;3536;"M";96
51;3537;"M";72
1;3538;"F";74
36;3539;"M";98
51;3540;"M";82
51;3541;"F";84
10;3542;"M";79
10;3543;"F";77
1;3544;"F";57
68;3545;"M";52
3;3546;"M";47
1;3547;"F";94
1;3548;"M";43
5;3549;"F";81
54;3550;"F";49
44;3552;"M";78
22;3554;"F";52
22;3555;"M";50
6;3556;"M";91
6;3557;"F";90
54;3558;"F";90
57;3559;"F";79
57;3560;"M";74
1;3562;"M";87
1;3563;"F";92
62;3564;"M";70
44;3565;"M";56
65;3566;"F";86
1;3567;"M";70
1;3568;"M";77
67;3569;"M";85
15;3570;"F";73
25;3571;"M";48
48;3572;"F";89
8;3573;"F";46
19;3574;"F";72
9;3575;"F";81
1;3576;"F";79
31;3577;"F";75
72;3578;"M";91
72;3579;"F";88
6;3580;"F";89
33;3581;"M";50
38;3582;"M";63
15;3583;"F";76
15;3584;"M";77
29;3585;"F";50
60;3586;"M";75
60;3587;"F";79
76;3588;"F";65
73;3589;"F";57
23;3590;"F";42
74;3591;"M";88
74;3592;"F";93
13;3594;"F";57
28;3595;"M";53
74;3596;"M";43
10;3597;"F";85
66;3598;"M";95
66;3599;"F";87
46;3600;"F";75
19;3601;"M";80
19;3602;"F";77
42;3603;"M";64
71;3605;"M";84
63;3606;"M";60
18;3607;"F";72
66;3608;"M";70
66;3609;"F";63
36;3610;"M";99
30;3611;"F";46
19;3612;"F";56
19;3613;"M";49
43;3614;"F";47
1;3615;"M";44
77;3616;"F";54
51;3617;"F";64
54;3618;"M";65
40;3619;"M";63
21;3620;"M";81
66;3621;"M";79
66;3622;"F";80
28;3623;"F";53
1;3624;"F";36
18;3627;"F";37
11;3628;"F";91
42;3629;"M";70
64;3630;"F";95
64;3631;"M";97
15;3632;"F";75
72;3633;"M";85
1;3634;"M";95
1;3635;"F";97
46;3636;"M";40
64;3637;"M";59
49;3638;"F";74
73;3639;"M";90
75;3640;"M";40
75;3641;"F";39
19;3642;"M";57
26;3643;"M";38
75;3644;"M";67
34;3645;"M";43
33;3646;"F";75
33;3647;"M";70
3;3648;"M";38
10;3649;"F";59
64;3650;"M";100
35;3651;"M";100
1;3652;"M";98
1;3653;"F";101
25;3654;"F";94
59;3655;"M";50
62;3656;"F";93
62;3657;"M";97
58;3658;"M";94
42;3659;"F";88
65;3660;"M";44
51;3661;"M";86
27;3662;"M";87
69;3663;"F";71
69;3664;"M";67
70;3667;"M";47
70;3668;"F";45
10;3669;"M";56
44;3670;"F";38
10;3671;"M";75
10;3672;"F";69
1;3673;"F";66
17;3674;"F";38
70;3675;"M";66
10;3676;"F";53
10;3677;"M";58
1;3678;"F";84
72;3679;"M";87
72;3680;"F";95
1;3681;"M";97
1;3682;"F";94
74;3683;"F";41
16;3684;"F";56
74;3685;"M";44
61;3686;"F";56
49;3687;"M";46
49;3688;"F";43
9;3689;"F";39
44;3690;"M";58
18;3691;"M";53
15;3693;"M";96
15;3694;"F";98
55;3695;"M";84
55;3696;"F";79
9;3697;"F";64
44;3698;"M";47
1;3699;"M";50
1;3700;"F";42
73;3701;"F";64
76;3702;"M";66
17;3703;"M";87
69;3704;"M";56
1;3705;"F";53
74;3707;"M";77
46;3708;"F";60
46;3709;"M";63
59;3710;"M";90
25;3711;"M";50
56;3712;"F";49
41;3713;"F";74
8;3714;"F";65
74;3716;"M";65
71;3717;"M";93
71;3718;"F";89
54;3719;"M";88
54;3720;"F";81
64;3721;"F";63
1;3722;"F";62
18;3723;"M";50
57;3724;"F";93
33;3727;"M";48
66;3728;"M";82
66;3729;"F";77
59;3730;"F";73
66;3732;"M";72
1;3733;"F";72
15;3734;"M";74
18;3735;"M";80
18;3736;"F";86
12;3737;"M";70
1;3738;"F";40
3;3739;"F";62
46;3740;"M";89
16;3741;"M";82
56;3742;"F";57
56;3743;"M";60
2;3745;"F";47
66;3746;"M";43
1;3747;"M";53
59;3748;"F";88
65;3749;"F";75
1;3750;"M";80
33;3751;"M";52
33;3752;"F";57
1;3753;"F";59
1;3754;"F";71
37;3755;"F";67
12;3756;"F";47
5;3757;"M";96
53;3758;"F";55
53;3759;"M";57
18;3760;"M";63
48;3761;"M";43
60;3762;"F";59
38;3763;"F";41
38;3764;"M";40
45;3765;"F";62
1;3766;"F";38
14;3767;"M";82
14;3768;"F";74
54;3769;"M";61
35;3770;"F";93
48;3771;"M";76
48;3772;"F";82
33;3773;"F";54
1;3774;"M";96
46;3775;"M";90
74;3776;"M";40
74;3777;"F";43
6;3779;"M";69
37;3780;"M";41
17;3781;"F";43
1;3782;"M";38
1;3783;"F";50
1;3784;"M";44
66;3785;"F";98
13;3786;"M";98
21;3787;"F";40
56;3788;"F";63
66;3789;"M";54
48;3790;"M";82
72;3791;"M";79
74;3792;"M";46
39;3793;"F";67
37;3794;"F";42
12;3795;"M";36
3;3796;"M";65
3;3797;"F";67
1;3798;"F";64
2;3799;"M";89
38;3800;"F";64
38;3801;"M";70
67;3802;"M";93
1;3803;"M";88
1;3804;"F";85
68;3805;"M";75
54;3806;"F";51
33;3807;"F";71
57;3808;"M";75
6;3811;"M";66
1;3812;"M";51
2;3813;"F";40
1;3814;"M";73
28;3815;"F";49
1;3816;"M";52
77;3817;"F";81
71;3818;"M";76
71;3819;"F";82
22;3821;"M";79
48;3822;"M";65
63;3823;"M";61
41;3824;"M";47
41;3825;"F";53
33;3826;"M";97
33;3827;"F";95
59;3829;"M";46
18;3830;"F";50
11;3831;"M";100
11;3832;"F";93
19;3833;"M";83
1;3834;"F";42
50;3835;"F";87
77;3836;"M";70
39;3837;"F";97
65;3838;"M";89
65;3839;"F";81
50;3840;"F";85
26;3841;"M";99
74;3842;"M";42
4;3843;"F";76
71;3844;"F";54
1;3845;"M";59
27;3846;"F";38
6;3847;"F";59
45;3848;"F";80
1;3849;"F";85
45;3850;"F";61
45;3851;"M";57
10;3852;"F";66
59;3853;"F";38
24;3854;"M";59
29;3855;"M";79
1;3856;"F";74
72;3857;"F";65
18;3858;"F";70
18;3859;"M";77
74;3860;"M";80
11;3861;"F";67
40;3862;"F";71
1;3863;"F";79
1;3864;"M";87
75;3865;"M";41
75;3866;"F";41
66;3868;"M";56
17;3869;"F";72
4;3870;"F";47
4;3871;"M";39
8;3872;"M";88
23;3873;"F";57
61;3874;"F";76
1;3875;"F";88
1;3876;"M";95
38;3877;"F";62
29;3880;"F";57
45;3881;"F";71
45;3882;"M";76
18;3883;"M";53
72;3884;"M";55
70;3885;"F";78
8;3886;"F";53
67;3887;"M";98
67;3888;"F";102
3;3890;"M";60
75;3891;"M";59
1;3892;"M";39
1;3893;"M";48
29;3894;"M";77
29;3895;"F";73
5;3896;"M";95
16;3897;"F";67
57;3898;"F";70
55;3899;"F";99
55;3900;"M";75
55;3901;"F";67
65;3902;"F";68
1;3903;"F";70
29;3904;"F";79
29;3905;"M";83
64;3906;"M";81
1;3907;"F";63
73;3908;"M";89
73;3909;"F";95
37;3910;"F";99
31;3911;"F";66
1;3912;"F";73
8;3913;"M";67
52;3914;"F";98
20;3915;"M";41
47;3916;"F";48
47;3917;"M";50
5;3918;"M";44
35;3919;"M";76
44;3920;"F";93
28;3921;"F";60
1;3922;"F";90
1;3923;"M";83
56;3924;"M";47
45;3925;"F";82
54;3926;"M";46
61;3927;"F";70
77;3928;"F";90
74;3929;"M";61
1;3930;"M";97
1;3931;"F";97
59;3932;"M";79
59;3933;"F";72
12;3934;"M";50
71;3935;"M";79
36;3936;"F";56
36;3937;"M";55
27;3938;"M";38
40;3939;"M";65
53;3942;"M";66
1;3943;"M";72
8;3944;"M";82
8;3945;"F";87
1;3946;"M";43
23;3947;"M";51
44;3948;"F";39
44;3949;"M";44
38;3950;"M";94
38;3951;"F";98
52;3952;"F";52
14;3953;"F";93
64;3954;"M";61
64;3955;"F";58
21;3956;"F";43
21;3957;"M";47
37;3958;"F";72
30;3959;"F";48
8;3960;"M";54
53;3961;"F";75
74;3962;"M";66
76;3963;"M";44
74;3964;"M";76
1;3965;"M";55
1;3966;"F";49
18;3967;"F";58
18;3968;"M";63
4;3969;"F";67
46;3970;"F";38
1;3971;"M";52
1;3972;"M";88
1;3973;"F";36
68;3974;"M";80
1;3975;"F";64
43;3976;"M";51
8;3977;"M";43
18;3978;"M";47
54;3979;"F";90
1;3980;"M";65
19;3981;"M";39
45;3982;"F";99
1;3983;"F";92
1;3984;"F";54
75;3985;"F";39
67;3987;"M";58
53;3988;"F";44
53;3989;"M";38
29;3990;"M";45
11;3991;"M";51
71;3992;"F";70
14;3993;"F";38
21;3994;"F";53
1;3995;"F";70
36;3996;"F";71
13;3997;"F";91
59;3998;"F";68
30;3999;"F";42
40;4000;"M";61
69;4001;"M";62
25;4002;"F";98
8;4003;"M";69
30;4004;"F";61
25;4006;"F";40
23;4007;"M";70
23;4008;"F";67
4;4009;"M";52
4;4010;"F";70
62;4011;"F";60
56;4012;"F";62
1;4013;"F";66
17;4014;"M";38
65;4015;"F";45
13;4016;"F";47
13;4017;"M";54
3;4018;"F";38
11;4019;"M";73
45;4020;"F";65
45;4021;"M";69
1;4022;"M";92
1;4023;"F";93
3;4024;"M";54
3;4025;"F";47
76;4026;"F";73
16;4027;"F";53
16;4028;"M";48
17;4029;"M";51
44;4030;"F";42
67;4031;"M";43
35;4032;"F";54
51;4033;"M";93
58;4034;"M";81
58;4035;"F";88
25;4036;"F";42
1;4037;"F";52
59;4040;"F";57
59;4041;"M";64
1;4042;"M";79
70;4043;"F";65
44;4044;"F";88
1;4046;"F";73
1;4047;"M";81
4;4048;"M";95
4;4049;"M";73
47;4050;"M";69
74;4051;"M";69
74;4052;"F";68
70;4053;"F";89
72;4054;"F";59
74;4055;"F";65
63;4056;"F";66
70;4057;"F";96
54;4059;"M";94
44;4060;"F";64
8;4061;"M";39
71;4062;"M";68
61;4063;"F";52
61;4064;"M";46
73;4065;"M";76
30;4066;"F";82
21;4067;"F";59
11;4068;"M";94
68;4069;"M";59
68;4070;"F";59
45;4071;"F";75
45;4072;"M";77
24;4073;"M";63
24;4074;"F";60
8;4075;"F";74
49;4076;"M";49
68;4077;"F";63
23;4078;"M";67
27;4079;"M";63
21;4080;"F";75
9;4081;"M";40
58;4082;"F";57
74;4083;"F";50
55;4084;"M";61
55;4085;"F";65
63;4086;"F";76
64;4087;"F";72
68;4088;"F";69
68;4089;"M";71
23;4090;"M";47
29;4091;"F";36
14;4092;"F";85
1;4093;"M";72
2;4094;"M";38
25;4095;"M";44
25;4096;"F";38
13;4098;"M";80
12;4099;"F";73
74;4100;"M";63
1;4101;"F";48
4;4102;"F";49
4;4103;"M";53
23;4104;"M";99
16;4105;"F";38
1;4106;"M";82
49;4107;"M";64
43;4108;"F";92
63;4109;"M";65
38;4112;"M";44
76;4113;"F";71
63;4114;"M";54
33;4115;"M";75
36;4116;"M";82
53;4117;"F";100
28;4118;"M";40
62;4119;"F";56
62;4120;"M";57
23;4121;"M";95
39;4122;"M";49
39;4123;"F";52
19;4124;"F";55
31;4125;"F";96
74;4126;"M";43
74;4127;"F";48
75;4129;"F";66
48;4131;"M";42
42;4132;"M";56
42;4133;"F";53
1;4134;"F";64
31;4136;"M";59
21;4137;"M";69
11;4138;"F";50
74;4139;"M";49
70;4140;"M";55
9;4141;"M";48
36;4142;"M";58
27;4143;"M";63
27;4144;"F";63
73;4145;"F";95
9;4146;"F";63
64;4147;"M";45
64;4148;"F";50
1;4149;"M";39
1;4150;"F";41
73;4151;"F";92
73;4152;"M";91
32;4153;"M";62
32;4154;"F";65
1;4155;"M";95
5;4156;"F";56
1;4157;"M";46
35;4158;"F";98
35;4159;"M";104
16;4160;"F";49
22;4161;"F";46
4;4163;"M";67
45;4164;"F";94
53;4165;"M";63
1;4166;"M";71
6;4167;"F";69
58;4169;"F";38
58;4170;"M";35
1;4171;"M";38
1;4172;"F";73
52;4173;"F";40
63;4174;"M";91
13;4175;"F";53
32;4176;"M";96
34;4177;"M";82
32;4178;"M";92
54;4179;"M";98
63;4180;"M";86
76;4181;"F";54
16;4182;"M";77
16;4183;"F";78
8;4184;"F";43
51;4185;"F";54
38;4186;"M";40
25;4187;"F";51
1;4188;"M";42
64;4189;"M";76
17;4190;"M";76
32;4191;"F";61
72;4192;"M";87
8;4193;"F";81
63;4194;"F";78
63;4195;"M";73
55;4196;"F";67
23;4198;"F";64
23;4199;"M";56
3;4201;"M";41
3;4202;"F";48
1;4203;"F";51
1;4204;"M";58
30;4205;"M";83
22;4206;"M";76
70;4207;"M";80
70;4209;"F";85
40;4210;"M";39
22;4211;"F";45
53;4212;"M";73
64;4213;"F";93
64;4214;"M";97
49;4215;"F";66
9;4217;"F";67
48;4218;"F";79
51;4219;"F";74
33;4220;"M";55
63;4221;"F";77
60;4222;"M";90
54;4223;"M";48
42;4224;"F";41
76;4225;"M";41
31;4226;"M";61
51;4227;"F";54
36;4229;"M";57
74;4230;"F";57
1;4231;"F";59
70;4232;"M";47
46;4233;"M";80
70;4234;"F";46
9;4235;"F";43
42;4236;"F";56
16;4237;"F";95
41;4238;"F";47
70;4239;"M";97
46;4240;"F";58
20;4241;"F";68
20;4242;"M";64
7;4243;"M";60
68;4244;"F";96
68;4245;"M";99
36;4246;"F";38
26;4247;"F";43
9;4248;"F";43
52;4249;"M";41
72;4250;"F";57
44;4251;"M";58
44;4252;"F";65
16;4253;"F";82
65;4254;"M";46
66;4255;"F";93
70;4256;"M";61
1;4257;"F";50
44;4258;"F";52
10;4259;"F";69
12;4260;"M";51
34;4261;"F";94
59;4262;"F";93
73;4263;"F";46
74;4264;"F";47
59;4265;"M";40
1;4266;"F";44
24;4267;"F";82
24;4268;"M";90
45;4269;"F";63
58;4270;"F";46
58;4271;"M";54
42;4272;"F";40
18;4273;"F";42
70;4274;"F";81
49;4275;"F";61
74;4276;"F";45
74;4277;"M";39
33;4278;"M";69
51;4279;"M";69
55;4280;"F";74
54;4281;"M";87
3;4282;"M";86
27;4283;"M";94
68;4284;"M";72
68;4285;"F";72
6;4286;"F";53
62;4287;"F";65
70;4288;"F";72
66;4289;"M";37
32;4290;"M";71
58;4291;"F";67
72;4292;"M";66
4;4293;"F";58
4;4294;"M";62
18;4295;"M";58
57;4296;"M";93
57;4297;"F";90
33;4298;"M";98
50;4299;"F";41
1;4300;"F";41
14;4301;"F";62
30;4302;"F";74
21;4303;"F";40
5;4304;"F";73
40;4305;"F";79
40;4306;"M";78
1;4307;"M";41
44;4308;"F";48
39;4309;"F";39
65;4310;"F";93
59;4311;"M";37
72;4312;"F";39
53;4313;"F";50
58;4314;"F";93
74;4315;"F";59
1;4316;"F";75
53;4317;"F";40
43;4318;"F";76
43;4319;"M";72
66;4320;"F";60
19;4321;"F";45
19;4322;"M";48
40;4323;"M";94
40;4324;"F";100
55;4325;"M";71
1;4326;"M";88
1;4327;"F";81
59;4328;"F";42
64;4329;"F";71
33;4330;"M";97
5;4331;"M";59
57;4332;"M";82
1;4333;"M";60
1;4334;"F";64
54;4335;"F";93
19;4336;"F";49
48;4337;"M";52
30;4338;"M";74
59;4339;"F";41
1;4340;"F";69
76;4341;"M";54
63;4342;"F";100
27;4343;"F";89
54;4344;"M";93
18;4345;"F";44
3;4346;"F";45
54;4347;"F";92
3;4348;"F";40
1;4349;"F";59
1;4350;"M";52
72;4352;"M";47
28;4353;"F";39
28;4354;"M";32
1;4355;"F";79
70;4358;"M";76
64;4359;"M";68
19;4360;"F";53
46;4361;"M";63
50;4362;"M";75
50;4363;"F";67
22;4364;"M";40
10;4365;"M";57
14;4367;"M";36
32;4368;"F";41
53;4369;"M";53
59;4370;"M";79
32;4371;"M";49
3;4372;"M";85
51;4373;"M";66
70;4376;"M";64
48;4377;"M";40
1;4380;"M";87
56;4381;"M";59
18;4382;"M";38
21;4383;"M";55
10;4384;"F";45
21;4385;"F";46
53;4386;"F";72
52;4387;"M";72
4;4388;"F";82
10;4389;"F";92
7;4390;"F";46
1;4393;"F";77
64;4394;"F";42
36;4395;"F";60
63;4396;"F";44
63;4397;"M";45
77;4398;"M";60
61;4399;"F";51
54;4400;"F";59
8;4401;"M";50
23;4402;"M";89
36;4403;"F";80
31;4404;"F";67
47;4405;"F";59
1;4406;"M";64
70;4407;"M";43
62;4408;"M";95
62;4409;"F";90
24;4410;"F";42
54;4411;"M";68
54;4412;"F";66
74;4413;"M";41
50;4414;"M";85
4;4415;"M";41
67;4416;"M";47
1;4417;"M";42
28;4418;"M";48
55;4420;"M";61
1;4421;"F";74
76;4422;"F";75
27;4423;"M";100
21;4424;"M";85
21;4425;"F";82
26;4426;"F";49
30;4427;"M";78
38;4428;"M";64
64;4429;"M";73
64;4430;"F";80
58;4431;"M";88
1;4432;"F";54
1;4433;"M";50
64;4434;"M";54
64;4435;"F";53
27;4436;"M";98
70;4437;"F";57
70;4438;"M";60
70;4439;"M";43
33;4440;"M";69
33;4441;"F";75
23;4442;"F";97
77;4444;"M";49
77;4445;"F";54
71;4446;"F";68
71;4447;"M";61
72;4448;"F";76
8;4449;"M";69
67;4450;"F";69
50;4451;"F";91
70;4452;"F";94
61;4453;"F";42
61;4454;"M";42
70;4455;"M";42
30;4456;"M";82
1;4457;"M";75
22;4458;"F";67
1;4459;"F";56
1;4460;"M";61
54;4461;"F";61
1;4462;"M";41
76;4463;"M";95
53;4464;"M";54
74;4465;"M";81
75;4466;"F";96
20;4467;"F";74
20;4468;"M";74
8;4469;"F";45
64;4471;"F";43
74;4472;"M";53
1;4473;"M";73
3;4474;"F";53
3;4476;"M";91
74;4477;"M";61
74;4478;"F";66
2;4479;"F";60
74;4480;"M";55
1;4481;"M";43
56;4482;"M";39
63;4483;"F";52
37;4484;"M";63
36;4485;"M";99
36;4486;"F";104
22;4487;"M";44
22;4488;"F";47
76;4489;"M";70
76;4490;"F";62
2;4491;"F";41
16;4492;"F";53
33;4493;"M";71
54;4494;"M";66
66;4495;"M";39
10;4496;"M";47
10;4497;"F";54
31;4498;"M";86
31;4499;"F";89
17;4500;"M";94
70;4501;"F";71
21;4502;"M";86
21;4503;"F";90
33;4504;"F";53
33;4505;"M";52
11;4506;"F";64
1;4507;"M";48
54;4508;"M";97
54;4509;"F";98
34;4510;"F";79
51;4511;"F";73
1;4512;"M";55
65;4514;"M";77
59;4515;"F";98
1;4516;"F";57
39;4518;"F";66
70;4519;"F";67
1;4520;"F";61
1;4521;"M";75
68;4522;"F";68
68;4523;"M";66
77;4524;"M";61
77;4525;"F";54
70;4526;"F";48
1;4527;"F";55
28;4528;"M";96
37;4529;"M";42
37;4530;"F";34
64;4531;"F";54
39;4532;"M";65
64;4533;"M";38
38;4534;"M";63
1;4535;"F";86
41;4536;"M";71
55;4539;"M";75
69;4540;"M";82
32;4541;"F";47
29;4542;"M";64
1;4543;"M";77
52;4544;"F";63
3;4545;"F";82
23;4546;"F";67
9;4547;"F";74
7;4548;"M";60
10;4549;"F";98
72;4550;"F";76
60;4551;"M";94
60;4552;"F";99
1;4553;"F";73
70;4554;"M";81
52;4555;"M";58
74;4556;"M";48
44;4557;"F";86
44;4558;"M";90
35;4559;"F";60
9;4560;"M";55
40;4561;"F";50
25;4562;"M";53
10;4563;"F";47
10;4564;"M";43
14;4565;"M";70
70;4567;"M";81
70;4568;"M";36
6;4569;"F";47
1;4570;"F";79
1;4571;"M";51
28;4572;"F";82
5;4573;"F";63
20;4574;"F";52
36;4575;"F";54
53;4576;"M";60
64;4577;"F";69
15;4578;"M";41
74;4579;"F";79
30;4580;"F";74
1;4581;"F";62
44;4582;"M";100
61;4583;"F";77
7;4584;"F";69
9;4585;"F";70
9;4586;"M";67
36;4587;"F";40
53;4588;"F";42
2;4589;"F";42
1;4590;"M";82
43;4591;"M";85
1;4592;"F";63
72;4593;"M";86
1;4594;"M";78
1;4595;"F";78
74;4596;"F";45
1;4597;"F";66
25;4598;"F";77
25;4599;"M";70
70;4600;"M";51
1;4601;"M";83
1;4602;"F";84
69;4603;"F";72
67;4604;"M";50
18;4605;"F";38
8;4606;"M";81
74;4607;"F";42
41;4608;"M";73
7;4609;"F";41
34;4610;"F";52
1;4611;"F";65
44;4612;"F";58
56;4615;"M";67
45;4617;"M";40
45;4618;"F";46
77;4619;"F";77
54;4620;"F";78
54;4621;"M";72
50;4622;"F";46
68;4623;"M";51
48;4624;"F";52
48;4625;"M";51
3;4626;"F";71
1;4627;"M";76
1;4628;"F";80
76;4629;"M";95
76;4630;"F";103
8;4631;"F";85
1;4632;"M";90
62;4633;"F";38
67;4634;"F";78
67;4635;"M";82
48;4636;"M";41
61;4637;"M";49
33;4638;"F";50
20;4639;"M";38
75;4640;"F";62
33;4641;"M";60
33;4642;"F";58
1;4643;"F";49
20;4644;"M";87
8;4647;"M";40
33;4648;"M";54
45;4649;"F";90
54;4650;"F";53
2;4651;"M";39
53;4652;"M";56
4;4653;"F";71
2;4654;"F";68
2;4655;"M";71
1;4656;"M";76
15;4657;"M";77
33;4658;"M";83
50;4659;"F";59
60;4660;"F";43
1;4661;"F";74
1;4662;"F";91
72;4663;"M";76
38;4664;"M";97
9;4665;"F";92
9;4666;"M";90
25;4667;"M";77
25;4668;"F";80
51;4670;"F";50
51;4671;"M";46
44;4672;"M";69
69;4673;"M";66
59;4674;"F";39
23;4675;"M";43
3;4677;"F";97
21;4678;"M";49
20;4679;"M";70
72;4680;"F";39
1;4681;"F";69
1;4682;"M";65
51;4683;"M";62
1;4684;"F";65
62;4685;"M";54
39;4686;"M";74
16;4687;"F";70
16;4688;"M";78
50;4689;"M";55
66;4690;"F";56
66;4691;"M";54
76;4692;"F";63
42;4693;"M";75
42;4694;"F";75
52;4695;"M";92
52;4696;"F";85
27;4697;"F";61
45;4698;"M";55
13;4699;"F";55
70;4700;"F";81
22;4701;"M";77
12;4704;"F";63
1;4705;"M";63
58;4706;"F";75
58;4707;"M";78
18;4708;"M";68
54;4709;"M";40
52;4710;"F";57
52;4711;"M";63
37;4712;"F";58
13;4713;"F";100
13;4714;"M";107
15;4715;"F";42
10;4716;"F";85
32;4717;"M";74
2;4718;"M";86
23;4719;"M";81
33;4720;"F";72
65;4721;"F";62
8;4722;"M";46
1;4723;"F";77
53;4724;"F";45
34;4725;"M";73
34;4726;"F";66
74;4727;"F";48
74;4728;"M";48
18;4729;"M";73
68;4730;"M";98
52;4731;"F";45
70;4732;"M";100
1;4733;"M";63
72;4734;"M";93
72;4735;"F";96
56;4736;"F";75
24;4737;"F";37
37;4739;"F";58
28;4740;"M";41
74;4741;"F";89
61;4742;"F";69
61;4743;"M";62
6;4744;"M";88
68;4745;"F";70
39;4746;"F";77
76;4747;"F";96
76;4748;"M";90
57;4749;"F";70
70;4750;"M";56
35;4751;"M";45
7;4752;"M";79
7;4753;"F";84
27;4754;"F";78
71;4755;"F";64
22;4756;"F";68
22;4757;"M";73
50;4758;"F";45
50;4759;"M";38
70;4760;"M";83
70;4761;"F";84
76;4762;"F";47
77;4763;"F";74
54;4764;"M";39
48;4765;"M";83
22;4766;"M";51
26;4767;"F";100
1;4768;"F";58
22;4769;"F";95
22;4770;"M";93
64;4771;"F";57
6;4772;"F";68
33;4773;"F";66
59;4774;"M";67
59;4775;"F";70
1;4776;"M";43
64;4777;"F";89
64;4778;"M";96
52;4779;"M";40
54;4780;"F";46
9;4781;"F";52
25;4782;"M";51
31;4783;"F";40
42;4784;"F";97
42;4785;"M";97
54;4786;"M";80
36;4787;"M";56
39;4788;"F";38
24;4789;"F";78
75;4790;"M";72
51;4791;"M";82
20;4792;"F";61
55;4793;"F";72
20;4794;"F";73
74;4795;"F";93
7;4796;"M";90
59;4797;"F";78
37;4798;"F";56
75;4799;"F";72
75;4800;"M";65
23;4801;"M";40
75;4802;"M";47
45;4803;"M";73
51;4804;"F";88
1;4805;"F";83
19;4806;"F";74
25;4807;"M";69
23;4808;"F";37
19;4809;"M";88
19;4810;"F";83
77;4811;"F";47
1;4812;"M";93
43;4813;"M";50
54;4814;"M";56
15;4815;"M";48
15;4816;"F";44
12;4817;"M";49
1;4818;"M";86
62;4819;"M";54
2;4820;"F";49
35;4821;"F";79
35;4822;"M";73
7;4823;"M";36
54;4824;"M";78
25;4826;"F";40
27;4831;"M";60
56;4832;"F";61
30;4833;"F";47
49;4836;"M";65
56;4837;"F";51
58;4853;"M";79
57;4861;"F";41
1;4862;"F";75
1;4863;"F";44
45;4877;"M";61
36;4882;"M";39
23;4886;"M";38
26;4892;"M";49
72;4901;"F";68
38;4904;"F";57
64;4906;"F";42
64;4907;"M";44
40;4915;"M";55
52;4916;"M";79
11;4918;"M";50
49;4919;"F";67
66;4923;"M";56
45;4925;"M";67
72;4927;"F";63
9;4928;"M";42
74;4929;"M";75
1;4930;"M";37
54;4937;"F";58
60;4941;"F";39
38;4942;"M";59
58;4944;"M";36
54;4949;"M";36
6;4956;"M";72
77;4959;"M";39
54;4961;"M";36
50;4968;"M";80
64;4969;"F";50
70;4972;"F";41
5;4974;"F";56
5;4975;"M";57
36;4976;"M";37
7;4979;"M";81
28;4989;"M";83
55;4992;"F";46
1;4993;"F";45
1;4994;"M";40
65;5002;"F";41
42;5010;"F";68
27;5012;"F";46
1;5013;"M";38
1;5016;"F";72
28;5028;"M";42
1;5030;"M";38
1;5046;"M";81
62;5050;"M";67
67;5056;"F";61
21;5067;"F";43
1;5072;"F";37
1;5081;"F";57
55;5093;"F";69
50;5107;"F";71
50;5108;"M";74
50;5111;"M";58
52;5117;"M";43
43;5126;"M";53
33;5127;"F";43
70;5128;"M";54
51;5132;"M";51
66;5133;"F";59
58;5134;"F";51
5;5137;"M";39
45;5138;"F";44
54;5141;"F";65
77;5143;"M";45
77;5144;"F";52
26;5145;"F";68
15;5149;"M";55
43;5152;"F";43
39;5159;"M";53
43;5163;"F";61
9;5164;"M";47
64;5171;"F";62
63;5175;"F";69
1;5180;"M";74
74;5189;"F";57
33;5200;"F";58
33;5201;"M";64
61;5203;"F";73
47;5204;"M";55
72;5212;"F";72
1;5213;"M";38
47;5214;"M";42
47;5215;"F";45
74;5217;"F";78
2;5223;"F";41
29;5224;"M";69
74;5232;"F";70
66;5233;"M";51
25;5236;"M";40
1;5237;"M";41
74;5240;"M";78
63;5241;"M";40
2;5243;"M";48
38;5245;"F";76
70;5246;"M";36
47;5247;"M";75
5;5249;"F";47
69;5253;"F";72
69;5254;"M";70
1;5263;"F";56
39;5273;"M";59
28;5275;"M";68
44;5277;"F";50
73;5281;"M";76
17;5283;"M";36
51;5284;"F";47
77;5287;"M";47
41;5308;"F";44
71;5312;"M";71
71;5313;"F";71
74;5318;"M";50
74;5319;"F";54
17;5320;"F";67
17;5321;"M";68
73;5322;"F";62
14;5323;"F";42
66;5325;"F";48
66;5326;"M";51
39;5333;"F";51
48;5334;"M";82
1;5337;"M";57
1;5338;"F";52
41;5347;"M";69
40;5352;"F";42
48;5353;"F";51
30;5354;"F";51
54;5358;"M";76
47;5362;"M";78
62;5364;"M";54
62;5365;"F";47
60;5366;"F";47
60;5367;"M";39
63;5374;"M";71
14;5376;"M";48
60;5379;"M";40
73;5384;"M";83
67;5385;"M";44
17;5389;"M";50
16;5392;"F";63
4;5393;"M";62
45;5395;"M";56
72;5397;"F";49
72;5398;"M";51
24;5399;"F";45
30;5402;"F";50
58;5404;"F";42
15;5409;"M";70
33;5413;"M";72
61;5420;"M";83
50;5433;"M";43
18;5441;"M";61
69;5445;"M";66
8;5450;"M";78
63;5460;"M";57
9;5461;"F";50
9;5462;"M";55
68;5468;"F";74
63;5469;"F";39
53;5472;"M";62
70;5473;"F";50
33;5478;"M";73
56;5487;"F";71
57;5517;"M";54
9;5521;"F";45
27;5526;"M";71
27;5527;"F";77
12;5530;"M";65
4;5531;"M";39
74;5539;"M";83
1;5563;"M";42
3;5565;"F";51
9;5574;"F";48
77;5579;"M";67
77;5580;"F";66
4;5606;"M";38
56;5617;"F";60
63;5618;"F";65
70;5642;"F";61
8;5684;"F";63
73;5699;"M";68
2;5701;"F";59
66;5704;"F";43
64;5722;"F";59
54;5727;"M";65
1;5736;"M";65
39;5753;"M";70
66;5760;"M";70
66;5761;"F";77
46;5774;"F";58
46;5775;"M";63
72;5788;"M";56
26;5801;"F";38
15;5826;"M";50
15;5827;"F";43
52;5858;"M";66
52;5859;"F";73
47;5860;"M";54
67;5866;"F";40
5;5873;"F";39
14;5911;"M";83
42;5928;"F";48
50;5965;"M";67
43;5977;"M";39
33;5978;"F";74
60;6001;"M";81
54;6015;"M";45
1;6033;"M";52
20;6034;"M";79
1;6039;"F";60
1;6040;"M";55
53;6042;"M";55
40;6052;"M";69
70;6067;"F";68
54;6077;"F";38
43;6112;"F";59
66;6114;"F";78
13;6115;"F";64
6;6122;"F";50
54;6144;"F";61
72;6175;"M";54
1;6178;"F";78
1;6183;"M";55
58;6185;"F";70
58;6186;"M";66
74;6191;"M";65
68;6196;"M";75
5;6235;"M";78
54;6255;"F";72
54;6256;"M";77
75;6257;"F";76
1;6272;"M";76
13;6275;"M";61
1;6299;"M";82
55;6301;"F";69
77;6317;"F";61
77;6318;"M";68
8;6342;"M";64
72;6349;"M";45
64;6359;"M";42
4;6363;"F";45
49;6366;"M";52
44;6367;"M";48
15;6383;"M";48
34;6391;"M";66
47;6408;"M";62
40;6417;"M";68
28;6422;"M";58
64;6452;"M";76
70;6468;"M";74
4;6469;"M";65
76;6473;"F";78
76;6474;"M";84
3;6478;"M";67
1;6481;"F";59
48;6485;"F";56
44;6499;"M";55
1;6501;"M";48
47;6511;"M";65
66;6544;"M";44
66;6545;"F";40
1;6546;"F";55
24;6551;"F";70
71;6552;"M";63
5;6567;"F";40
72;6571;"F";47
72;6604;"M";70
57;6610;"M";64
1;6616;"M";65
43;6619;"F";74
1;6644;"F";59
43;6691;"M";76
43;6698;"F";66
15;6729;"M";60
13;6731;"M";75
9;6749;"F";75
9;6750;"M";72
15;6753;"M";56
19;6764;"M";74
57;6789;"M";39
61;6798;"F";70
5;6803;"F";37
5;6804;"M";37
59;6827;"M";49
10;6829;"F";54
53;6844;"F";47
66;6886;"F";76
1;6892;"F";67
1;6893;"M";74
42;6895;"M";47
64;6906;"M";69
14;6922;"F";79
17;6924;"M";51
52;6936;"F";59
43;6944;"M";48
74;6946;"F";48
44;6967;"M";64
38;6978;"M";53
1;6987;"M";50
70;7010;"M";51
70;7011;"F";57
77;7043;"M";78
5;7065;"F";47
30;7100;"F";57
75;7102;"F";51
76;7112;"M";57
3;7127;"M";61
45;7150;"F";55
15;7166;"M";54
27;7186;"F";74
50;7195;"M";56
28;7234;"M";53
57;7241;"F";61
47;7286;"F";48
77;7291;"F";77
1;7299;"M";80
56;7311;"M";69
1;7324;"F";55
24;7325;"M";43
49;7327;"M";59
19;7339;"F";44
6;7348;"F";41
29;7366;"F";45
1;7390;"M";81
54;7411;"F";55
54;7412;"M";63
74;7422;"M";60
74;7423;"F";54
34;7434;"F";76
67;7435;"F";61
74;7521;"F";58
5;7567;"M";81
38;7576;"M";56
56;7586;"F";45
64;7594;"F";69
64;7614;"M";41
1;7632;"M";70
26;7672;"M";65
3;7678;"M";56
12;7683;"M";72
48;7723;"F";52
48;7724;"M";50
31;7727;"F";60
70;7753;"F";40
1;7765;"F";60
1;7772;"F";41
34;7787;"M";67
50;7796;"F";43
50;7797;"M";48
16;7800;"F";61
61;7814;"F";42
4;7815;"F";72
6;7843;"M";52
7;7855;"F";54
74;7862;"M";53
72;7863;"M";59
34;7864;"M";82
38;7914;"F";52
1;7959;"F";40
74;7970;"M";51
16;7980;"M";42
43;8013;"M";76
1;8030;"M";51
54;8064;"F";52
61;8074;"M";60
16;8076;"F";68
35;8089;"M";53
5;8091;"M";47
38;8096;"F";39
72;8105;"M";55
62;8130;"F";42
1;8200;"F";74
69;8217;"M";40
43;8276;"F";39
14;8287;"M";82
15;8295;"F";67
48;8327;"F";73
60;8333;"M";52
76;8342;"M";39
3;8356;"M";49
74;8359;"M";38
74;8362;"F";43
41;8366;"F";58
36;8392;"F";52
36;8393;"M";52
38;8432;"F";50
38;8433;"M";57
75;8463;"M";71
75;8489;"F";65
51;8502;"M";75
69;8506;"F";38
55;8510;"M";71
57;8548;"F";73
1;8568;"F";46
54;8571;"M";83
46;8598;"F";60
55;8610;"F";70
55;8611;"M";70
12;8615;"F";79
71;8636;"F";77
1;8661;"F";64
7;8666;"F";47
77;8667;"F";51
5;8670;"F";75
49;8677;"M";63
49;8678;"F";56
71;8692;"F";65
10;8726;"M";65
17;8737;"F";70
17;8738;"M";70
70;8764;"F";78
11;8777;"F";65
1;9173;"M";73
1;9174;"F";78
21;9196;"F";79
68;9202;"M";56
19;9217;"F";78
64;9226;"F";78
29;9231;"F";46
31;9236;"F";62
1;9250;"M";55
39;9273;"F";63
39;9274;"M";60
4;9276;"M";72
9;9313;"F";58
63;9316;"F";60
54;9340;"M";51
43;9346;"M";45
56;9362;"F";45
72;9366;"M";43
59;9370;"M";42
16;9403;"M";44
21;9417;"M";69
1;9418;"M";68
1;9419;"F";68
62;9427;"F";48
62;9428;"M";53
72;9433;"F";73
68;9450;"F";75
68;9451;"M";76
40;9456;"F";76
46;9457;"M";40
46;9458;"F";45
1;9505;"M";60
50;9546;"F";63
13;9555;"F";71
19;9569;"F";68
2;9582;"F";76
74;9593;"F";50
52;9606;"M";69
23;9611;"M";60
74;9616;"M";56
64;9641;"M";73
64;9642;"F";81
19;9663;"M";73
19;9664;"F";74
38;9670;"M";70
60;9675;"F";48
36;9680;"M";41
33;9702;"F";67
35;9715;"F";41
52;9717;"F";66
52;9718;"M";59
34;9721;"M";63
23;9755;"F";67
27;9760;"M";49
70;9775;"M";58
70;9776;"F";57
69;9798;"F";68
59;9820;"F";50
51;9833;"M";54
51;9834;"F";58
55;9844;"M";73
55;9845;"F";75
54;9846;"F";51
9;9872;"F";51
10;9880;"F";47
36;9914;"M";75
27;9915;"M";51
47;9929;"F";51
9;9930;"M";46
74;9933;"M";77
31;9945;"F";50
31;9946;"M";58
24;9973;"F";73
73;9987;"F";68
54;9995;"M";60
67;9997;"M";56
59;10023;"F";45
37;10040;"F";50
37;10041;"M";50
45;10043;"M";53
5;10046;"F";72
64;10066;"F";55
9;10070;"M";44
48;10075;"M";54
26;10076;"F";48
26;10077;"M";45
29;10090;"F";38
1;10095;"F";42
1;10096;"M";40
4;10145;"F";53
50;10159;"M";80
31;10198;"M";42
31;10199;"F";39
13;10200;"F";38
13;10201;"M";33
59;10209;"M";43
70;10269;"F";78
51;10273;"F";60
51;10274;"M";62
77;10275;"F";48
77;10276;"M";42
1;10282;"M";39
48;10287;"F";56
48;10288;"M";59
64;10303;"M";56
29;10350;"F";57
29;10351;"M";60
14;10355;"F";42
20;10382;"F";53
20;10389;"F";75
17;10459;"F";54
51;10475;"F";70
51;10476;"M";67
2;10479;"F";63
70;10492;"M";81
23;10510;"F";73
23;10511;"M";68
54;10517;"F";38
47;10528;"F";66
14;10543;"F";73
1;10555;"M";82
68;10563;"M";69
68;10564;"F";64
74;10566;"F";76
64;10636;"M";47
2;10639;"M";64
46;10654;"F";56
60;10662;"F";69
17;10702;"M";80
17;10703;"F";75
66;10714;"F";72
53;10746;"M";47
70;10777;"F";38
70;10778;"M";42
1;10798;"F";38
1;10813;"F";39
64;10818;"M";46
1;10828;"F";61
15;10912;"M";55
28;10960;"M";76
1;10963;"M";74
62;10987;"F";57
62;10988;"M";54
1;10997;"F";46
1;10998;"M";50
63;11004;"M";71
51;11008;"F";49
1;11034;"M";46
70;11050;"F";61
64;11063;"F";63
64;11064;"M";65
61;11083;"M";65
40;11093;"M";59
70;11105;"F";61
1;11114;"M";66
72;11121;"F";47
72;11122;"M";39
47;11123;"M";70
1;11126;"F";53
1;11130;"F";57
1;11131;"M";61
3;11136;"F";74
5;11147;"F";46
43;11149;"M";53
58;11195;"M";64
10;11208;"F";61
26;11250;"F";72
32;11252;"F";52
9;11266;"M";80
9;11267;"F";82
18;11271;"M";80
64;11274;"M";49
64;11275;"F";55
56;11286;"F";78
28;11304;"F";58
45;11314;"M";82
1;11319;"F";76
72;11327;"M";71
69;11329;"F";57
70;11331;"F";73
29;11337;"M";49
11;11359;"M";46
11;11360;"F";46
51;11362;"F";52
37;11371;"F";77
11;11372;"M";57
74;11379;"M";66
74;11380;"F";67
57;11381;"F";39
68;11405;"F";54
68;11406;"M";48
32;11409;"F";38
70;11461;"M";44
36;11491;"F";60
11;11497;"F";59
59;11516;"M";80
59;11517;"F";78
1;11545;"F";52
1;11574;"F";74
70;11596;"F";77
54;11598;"F";41
59;11609;"M";61
73;11637;"M";67
73;11638;"F";64
76;11662;"M";46
5;11676;"F";75
7;11683;"M";38
64;11685;"F";53
21;11686;"F";70
21;11687;"M";73
9;11701;"M";69
1;11709;"M";57
1;11710;"F";51
59;11713;"F";67
59;11714;"M";73
19;11732;"F";61
62;11754;"M";52
4;11755;"F";73
1;11768;"F";47
31;11794;"F";48
31;11795;"M";41
74;11804;"M";73
65;11851;"M";48
11;11855;"M";60
70;11857;"M";66
70;11860;"F";93
1;11866;"M";81
1;11867;"F";84
38;11873;"F";55
1;11874;"M";49
1;11875;"F";51
61;11886;"F";77
76;11906;"M";73
76;11907;"F";73
8;11911;"M";79
1;11943;"M";57
70;11947;"M";54
54;11976;"F";79
54;11977;"M";74
54;11978;"M";47
54;11979;"F";40
74;12003;"M";42
52;12050;"M";75
52;12051;"F";82
64;12079;"F";46
68;12092;"M";41
47;12095;"M";79
21;12102;"F";50
27;12133;"F";54
2;12144;"M";38
2;12145;"F";36
1;12163;"M";64
1;12181;"M";57
60;12220;"F";47
60;12221;"M";47
24;12303;"F";44
64;12308;"M";40
8;12324;"M";40
8;12325;"M";54
1;12328;"F";74
26;12344;"F";78
17;12358;"M";75
17;12359;"F";83
4;12376;"M";59
76;12378;"F";72
1;12382;"M";63
1;12383;"F";55
62;12396;"F";48
62;12397;"M";45
1;12416;"M";45
1;12417;"F";44
55;12432;"M";53
39;12464;"M";58
22;12468;"M";49
34;12485;"F";53
34;12490;"M";38
70;12547;"F";55
38;12561;"M";52
44;12568;"F";62
62;12577;"F";68
27;12586;"M";71
44;12599;"M";62
27;12616;"F";53
54;12625;"M";59
69;12643;"F";56
14;12662;"M";65
68;12695;"M";39
8;12726;"F";73
36;12729;"M";50
36;12730;"F";54
23;12738;"F";58
23;12739;"M";60
21;12750;"F";78
55;12754;"M";58
55;12755;"F";59
22;12756;"F";69
1;12802;"M";49
39;12810;"M";54
60;12840;"M";79
66;12843;"M";65
45;12844;"M";72
72;12850;"M";63
72;12851;"F";61
1;12859;"F";42
70;12890;"F";60
12;12908;"M";77
55;12943;"M";48
40;12986;"F";45
51;12991;"M";71
52;13044;"M";42
55;13051;"M";53
41;13071;"M";62
16;13089;"F";39
2;13090;"F";38
76;13095;"M";68
1;13098;"F";39
8;13102;"M";69
11;13113;"M";42
56;13123;"F";40
1;13134;"F";56
73;13151;"M";59
19;13171;"F";68
36;13172;"M";80
71;13190;"M";62
31;13201;"M";81
1;13231;"M";59
46;13246;"F";76
72;13260;"F";41
75;13261;"M";74
75;13262;"F";80
76;13276;"M";41
34;13285;"M";82
16;13290;"M";77
16;13291;"F";78
50;13346;"M";62
65;13380;"M";76
48;13404;"M";52
32;13405;"M";60
42;13406;"F";40
1;13412;"M";64
25;13417;"F";67
13;13447;"F";48
13;13448;"M";50
44;13451;"F";63
25;13468;"M";58
25;13469;"F";62
16;13480;"M";65
18;13490;"F";49
63;13539;"M";40
1;13548;"M";42
32;13556;"M";60
72;13576;"M";44
46;13588;"M";44
59;13590;"M";41
46;13603;"M";77
37;13608;"F";55
16;13620;"M";48
28;13640;"F";63
59;13657;"F";55
59;13658;"M";61
39;13673;"M";47
75;13687;"M";59
70;13690;"M";55
1;13694;"F";42
12;13750;"F";38
12;13751;"M";39
1;13803;"M";71
33;13820;"F";70
15;13845;"M";45
5;13852;"M";46
44;13886;"F";64
50;13912;"M";43
77;13915;"M";44
62;13921;"F";47
7;13923;"F";39
54;13924;"F";66
8;13931;"M";76
1;13955;"F";73
1;13956;"M";75
61;13968;"M";50
67;13971;"F";56
74;13998;"F";65
