loan_id;negative_balance;average_salary;unemploymant_rate;entrepreneurs_ratio;loan_duration;monthly_payment;max_balance;min_balance;avg_balance;age;genre;status
5314;False;9650;3.573333333333333;100;12;8033;20100.0;1100.0;12250.0;71;F;-1
5316;False;8369;2.1366666666666667;117;36;4610;120512.8;700.0;52083.85945945945;50;M;1
6863;False;8390;2.686666666666667;132;60;2118;49590.4;800.0;30060.95416666668;82;M;1
5325;False;8754;4.1499999999999995;137;36;2939;65898.5;1000.0;41297.479999999996;78;F;1
7240;False;12541;0.3833333333333333;167;60;4579;122893.1;600.0;57188.21111111113;40;M;1
6687;False;8598;3.0966666666666662;123;24;3660;65847.8;500.0;46318.55294117648;33;M;1
7284;False;9045;3.4433333333333334;124;12;4399;41469.1;1000.0;22198.179069767448;45;M;1
6111;False;8991;1.803333333333333;128;24;7281;105628.0;1000.0;37485.456249999996;70;F;-1
7235;False;8968;3.176666666666667;131;48;3217;81723.5;8897.0;46715.8;49;F;1
5997;False;10045;1.6133333333333333;135;24;4876;76985.2;800.0;44131.16923076923;83;M;1
7121;False;8743;2.2466666666666666;111;36;609;60432.4;1100.0;34272.21333333335;59;F;1
6077;False;8254;3.436666666666666;97;24;3317;125825.7;800.0;69954.57169811318;48;M;1
6228;False;8546;3.6633333333333327;126;60;7742;125943.1;200.0;51760.01617647063;77;F;-1
6356;False;8208;2.1366666666666663;155;36;2650;92354.8;200.0;41562.32340425532;47;M;1
5523;False;8288;4.276666666666666;110;36;2608;52378.2;600.0;37510.49473684211;68;F;1
6456;False;9624;2.0733333333333337;145;12;3918;112901.6;200.0;60382.085714285706;60;F;1
7104;False;9893;4.51;96;60;4329;79633.5;800.0;45198.15294117648;39;M;1
6820;False;12541;0.3833333333333333;167;12;3179;62324.6;900.0;37462.093103448286;53;F;1
6876;False;9622;0.5433333333333333;154;12;7218;48353.1;800.0;25714.046666666665;57;M;1
7097;False;9897;1.8399999999999999;140;24;3151;89754.8;400.0;50009.90869565218;59;M;-1
4959;False;12541;0.3833333333333333;167;24;3373;67529.6;1100.0;32590.62407407406;78;F;1
6499;False;12541;0.3833333333333333;167;24;3373;67529.6;1100.0;33312.53888888891;78;F;1
5479;False;12541;0.3833333333333333;167;12;2043;125254.2;200.0;55582.22602739725;60;M;1
5170;False;9893;4.51;96;60;4220;104417.9;800.0;47302.546341463436;68;F;1
6721;False;9753;4.913333333333333;109;24;878;33467.0;1100.0;21575.68666666666;54;F;1
7259;False;12541;0.3833333333333333;167;36;3004;123863.4;900.0;54652.89818181817;61;M;1
5285;False;12541;0.3833333333333333;167;12;6578;40560.3;900.0;25900.319607843132;61;F;1
5189;False;9622;0.5433333333333333;154;48;3105;62441.6;200.0;36845.58888888889;49;F;1
6650;False;8991;1.803333333333333;128;12;4110;126833.0;900.0;46576.27755102041;73;F;-1
7226;False;8187;5.243333333333333;94;36;5493;74413.6;300.0;44735.43125;50;M;1
6087;False;9317;6.876666666666668;97;60;5011;135175.2;800.0;45854.89090909087;68;M;1
7262;False;8819;5.566666666666666;99;36;5073;52246.0;500.0;33229.1076923077;59;M;1
5519;False;9920;2.6666666666666665;130;12;7636;64577.8;700.0;40976.942857142836;57;M;1
6577;False;10673;5.21;100;24;2154;124339.4;600.0;58226.50490196077;50;F;1
6509;False;9624;2.0733333333333337;145;24;2307;113350.7;200.0;46061.31938775505;78;F;1
6520;False;10446;8.713333333333333;90;24;3800;76736.9;700.0;32558.533333333333;60;M;1
6699;False;9060;2.22;124;24;319;73069.1;600.0;46444.63950617286;59;M;1
6336;False;8965;7.846666666666667;104;36;5900;133215.2;300.0;51034.36197183098;52;F;1
7055;False;8544;1.67;109;60;2785;143605.7;1100.0;63707.62658227849;45;M;1
6103;False;8254;3.436666666666666;97;60;2489;53214.0;500.0;29069.11607142853;55;M;1
6202;False;9897;1.8399999999999999;140;12;5432;102410.3;900.0;47426.549999999974;61;M;1
7066;False;12541;0.3833333333333333;167;36;5983;50757.0;1000.0;32702.726666666666;58;M;-1
6696;False;8909;5.043333333333333;113;60;1484;46550.2;800.0;30045.399999999998;42;M;1
6072;False;8994;4.46;110;36;5388;120567.3;800.0;63579.21724137932;45;M;1
5130;False;8427;1.4000000000000001;107;12;2026;48277.9;1100.0;29380.83974358974;63;F;1
5568;False;10124;0.5466666666666667;141;60;4542;121891.4;1100.0;44602.641666666634;77;F;1
6678;False;9622;0.5433333333333333;154;12;6695;122523.5;1100.0;61531.59038461539;40;M;1
6998;False;8547;3.31;120;12;8136;119900.1;1100.0;53379.127692307724;50;F;1
6580;False;8624;2.37;102;48;4085;97457.4;900.0;49143.96595744681;60;M;1
6316;False;8754;4.1499999999999995;137;12;6409;126002.8;1100.0;52890.40392156865;72;F;-1
6512;False;9753;4.913333333333333;109;48;1319;31462.9;500.0;22551.77926829271;62;F;1
6407;False;9832;4.093333333333334;114;24;1081;80155.2;600.0;56927.45405405403;58;F;1
5002;False;8512;3.9166666666666665;102;12;8734;57865.3;500.0;38709.829999999994;73;F;1
6647;False;12541;0.3833333333333333;167;48;4340;82981.9;200.0;43944.88941176475;58;M;1
7137;False;8512;3.9166666666666665;102;24;6315;97912.7;300.0;53976.29285714283;65;M;1
6903;False;9650;3.573333333333333;100;24;2172;59944.2;144.2;33459.68028169013;59;F;1
5918;False;8561;1.0766666666666667;110;36;8339;57676.7;300.0;34084.4605633803;54;M;1
6642;False;8254;3.436666666666666;97;12;6470;117489.5;700.0;55570.30499999995;51;M;1
6210;False;9045;3.4433333333333334;124;48;1817;41410.0;200.0;28362.24848484848;54;M;-1
6279;False;8965;7.846666666666667;104;24;3640;69174.6;200.0;36783.95;56;M;1
7249;False;9622;0.5433333333333333;154;48;1445;52365.0;1100.0;33857.10641025642;77;M;1
6736;False;12541;0.3833333333333333;167;60;4806;58495.8;800.0;33211.759999999995;82;M;1
6112;True;9675;7.263333333333333;100;24;7281;96659.4;-1369.2;26252.81440677967;40;F;-1
5319;False;9317;6.876666666666668;97;60;3991;74408.8;300.0;40061.58043478263;76;F;1
6596;False;12541;0.3833333333333333;167;24;3816;83039.4;1000.0;50765.41612903225;67;F;1
5837;False;8772;4.883333333333334;126;60;4076;72512.5;1000.0;38426.728571428575;51;F;1
5657;False;8288;4.276666666666666;110;12;415;41106.2;800.0;30533.37173913044;66;F;1
5533;False;8402;3.6966666666666668;120;24;4641;141386.0;500.0;65097.22434210526;51;M;1
6232;False;8772;4.883333333333334;126;36;7685;32720.4;500.0;19256.89482758621;69;M;-1
6888;False;12541;0.3833333333333333;167;12;3298;103467.2;300.0;48944.827826086956;38;F;1
6066;False;8909;5.043333333333333;113;24;7242;134416.6;1000.0;61218.658666666684;68;M;1
5549;False;9622;0.5433333333333333;154;60;841;51971.4;800.0;37570.627906976755;71;F;1
5060;False;12541;0.3833333333333333;167;60;4201;106259.6;900.0;57340.50819672131;53;F;-1
6004;False;8754;4.1499999999999995;137;24;5996;134571.2;700.0;49727.45611510793;67;M;1
5126;True;9897;1.8399999999999999;140;48;4336;96064.0;-1069.7;36369.97499999999;67;M;-1
7220;False;12541;0.3833333333333333;167;36;3647;70288.4;1000.0;36635.11566265061;64;M;1
6668;False;8390;2.686666666666667;132;36;2076;62084.0;700.0;37912.998507462675;53;M;1
5395;False;8110;6.289999999999999;109;36;8308;193909.9;500.0;51992.854761904746;51;F;-1
6836;False;9538;1.71;111;60;3155;61043.3;800.0;32354.031372549012;64;M;1
6064;False;8743;2.2466666666666666;111;12;1219;52184.7;200.0;32788.14215686272;69;F;1
6919;False;12541;0.3833333333333333;167;36;3358;116468.4;600.0;40838.75520833332;74;F;1
6841;False;10124;0.5466666666666667;141;48;3585;119138.8;200.0;60743.95714285715;61;F;1
6038;False;12541;0.3833333333333333;167;48;6739;119934.1;200.0;45414.07368421048;78;F;1
6729;False;8624;2.37;102;12;6224;104902.4;1100.0;48484.62410714285;68;M;1
7198;False;8110;6.289999999999999;109;12;3814;78327.5;800.0;32555.81851851852;41;F;1
6686;False;8930;3.973333333333333;108;36;6239;109178.4;200.0;57496.98924731188;39;F;1
5836;False;8512;3.9166666666666665;102;24;3318;119373.5;900.0;63494.200000000004;59;F;1
7061;False;8743;2.2466666666666666;111;24;5079;133454.9;600.0;54422.59677419359;53;M;1
5595;False;8441;4.136666666666667;115;12;6908;107680.9;900.0;57141.73095238091;43;F;1
5723;False;8965;7.846666666666667;104;12;1969;140228.7;1000.0;47420.84181818185;64;M;1
6120;False;8363;3.1666666666666665;108;48;4358;110583.8;1000.0;46230.339705882405;65;M;1
6895;False;9893;4.51;96;12;3492;129123.0;900.0;36080.386713286716;44;M;1
5882;False;9272;3.08;118;12;7318;43442.2;800.0;25533.2142857143;52;F;1
5754;False;9897;1.8399999999999999;140;12;1921;54321.8;700.0;23771.96608187134;72;M;1
6594;False;8441;4.136666666666667;115;24;7904;22500.0;600.0;14900.0;48;F;-1
6738;True;10673;5.21;100;36;6395;130801.0;-2719.7;27658.487804878067;76;F;-1
6624;False;8743;2.2466666666666666;111;12;5955;82549.0;200.0;47991.530232558136;75;F;1
6216;False;8187;5.243333333333333;94;24;5885;107784.1;1000.0;57219.574509803846;56;M;1
6229;False;12541;0.3833333333333333;167;24;489;70826.8;1100.0;42224.43909774438;80;M;1
5887;False;8441;4.136666666666667;115;36;5354;121508.1;700.0;37265.65526315789;39;M;1
6808;False;9624;2.0733333333333337;145;36;6330;153213.7;1100.0;45134.72168674696;65;M;1
6297;False;10673;5.21;100;12;1459;54432.3;900.0;39290.618055555555;72;M;1
5161;False;8403;5.726666666666667;105;24;4091;68956.1;500.0;41660.392857142855;73;F;1
5390;False;8427;1.4000000000000001;107;24;7094;79869.8;200.0;40091.18311688309;53;F;1
6150;False;10177;7.376666666666666;81;12;6918;136436.6;700.0;67891.93520408162;39;M;1
6223;False;12541;0.3833333333333333;167;48;1272;55816.0;900.0;36039.05156249998;61;F;1
5032;False;8772;4.883333333333334;126;48;2577;89822.2;300.0;49084.381967213114;78;M;1
6253;False;10673;5.21;100;24;2490;69643.1;300.0;40204.4648148148;54;F;1
6460;False;12541;0.3833333333333333;167;36;1352;33484.4;300.0;23050.189690721647;70;M;1
6645;False;12541;0.3833333333333333;167;36;3900;115000.2;400.0;43563.61999999999;77;M;1
5176;False;8547;3.31;120;24;8023;49563.0;800.0;23979.01176470588;54;F;-1
5269;True;8930;3.973333333333333;108;36;4557;112045.6;-2564.7;41752.16153846152;43;F;-1
5351;False;8720;4.243333333333333;116;36;5700;93928.5;900.0;58336.31162790698;55;F;1
5861;False;8843;3.34;113;24;2142;137087.2;900.0;52299.285937499975;69;M;1
5450;False;9307;4.236666666666666;118;60;3328;62238.8;500.0;33658.61756756758;69;M;1
7142;False;12541;0.3833333333333333;167;60;8049;57707.2;900.0;26358.7546153846;42;F;-1
6306;False;8930;3.973333333333333;108;12;3057;50774.2;700.0;30229.797600000005;40;F;1
6272;False;10673;5.21;100;60;6644;121689.5;400.0;63383.57558139535;58;F;1
5044;False;9897;1.8399999999999999;140;60;1683;53376.7;600.0;35614.74428571429;53;M;1
5576;False;12541;0.3833333333333333;167;12;2604;144715.3;1000.0;64493.09916666662;79;F;1
7192;False;8390;2.686666666666667;132;36;3222;107692.0;200.0;25666.40708661417;81;M;1
5739;False;12541;0.3833333333333333;167;12;6365;41703.3;1100.0;26122.848888888897;61;F;1
6526;False;8288;4.276666666666666;110;36;8013;71939.2;600.0;36999.52352941177;60;F;1
5624;True;8678;5.69;102;48;3703;89733.5;-2485.5;26746.5252631579;46;M;-1
6244;False;12541;0.3833333333333333;167;36;7518;134501.4;200.0;60819.976388888885;81;M;-1
5131;False;8363;3.1666666666666665;108;24;2026;134187.4;200.0;63857.2367521368;57;M;1
6960;False;12541;0.3833333333333333;167;24;3184;64494.1;8686.4;31375.160784313728;84;F;1
6358;False;9060;2.22;124;60;2298;52658.4;200.0;24523.07303370786;55;M;-1
5418;False;8843;3.34;113;48;7249;123013.2;300.0;54157.19416666667;54;F;1
6598;False;8819;5.566666666666666;99;12;5676;111588.8;300.0;47220.13401360543;41;F;1
5464;False;8991;1.803333333333333;128;12;7984;122452.2;900.0;59701.78666666667;78;M;1
6591;False;8965;7.846666666666667;104;48;434;41997.9;500.0;21368.909933774863;70;M;1
5724;False;12541;0.3833333333333333;167;60;5269;39616.2;800.0;18632.933812949643;50;M;-1
6315;False;8814;5.413333333333334;107;12;3597;120071.4;800.0;68377.06376811591;42;F;1
5876;False;10673;5.21;100;48;4610;106144.8;1100.0;37596.93239436623;54;F;1
6986;True;10673;5.21;100;48;3161;82784.6;-669.7;30491.098245614015;42;M;-1
6294;False;10787;2.94;131;60;1332;74199.5;700.0;43846.97789473684;65;M;1
5132;False;9307;4.236666666666666;118;60;8975;69775.9;200.0;33687.85862068966;58;M;1
5877;False;8991;1.803333333333333;128;24;4051;43393.0;1000.0;22360.53660714285;68;M;1
6227;False;9538;1.71;111;24;1177;69893.0;400.0;45582.44893617021;48;F;1
7241;True;12541;0.3833333333333333;167;24;7041;120806.4;-517.7;56053.99750000008;42;M;-1
6737;False;9893;4.51;96;24;3195;104676.1;1000.0;62933.4748251748;64;F;1
7004;False;8754;4.1499999999999995;137;60;5526;71924.6;900.0;36941.99831932773;36;F;1
6169;False;8388;2.763333333333333;87;60;1728;46520.1;500.0;28250.10917431192;47;M;-1
5208;True;8554;2.61;113;48;2077;127684.9;-974.6;46341.29351851856;47;F;-1
6694;False;10177;7.376666666666666;81;24;5616;112839.2;900.0;44005.11272727274;78;F;1
5599;False;9317;6.876666666666668;97;12;1285;41137.4;1000.0;24577.200000000033;53;F;1
6546;False;12541;0.3833333333333333;167;24;1322;56122.8;600.0;31139.747863247834;68;F;1
5414;False;9675;7.263333333333333;100;48;3874;145318.2;700.0;50113.19411764706;73;M;1
5453;False;8594;1.88;112;36;4352;41876.9;500.0;22927.502666666693;62;F;1
5740;False;12541;0.3833333333333333;167;12;1547;56498.4;200.0;35538.04615384616;55;F;1
5804;False;8363;3.1666666666666665;108;48;3312;130293.2;600.0;49916.091025641086;79;M;1
6745;False;9624;2.0733333333333337;145;24;1971;148093.0;400.0;68740.02335329348;47;M;1
6950;False;10673;5.21;100;24;4363;147603.2;400.0;57357.84345549748;73;M;1
6996;False;9622;0.5433333333333333;154;24;5275;94043.3;400.0;47118.99318181818;79;M;1
5352;False;9893;4.51;96;12;5700;51242.2;800.0;31793.735714285714;42;F;-1
6151;False;8814;5.413333333333334;107;60;3757;53271.6;200.0;31185.156862745098;70;F;1
5310;False;8594;1.88;112;36;6893;67486.0;600.0;36063.78833333336;78;F;1
5045;True;8403;5.726666666666667;105;24;7801;92571.3;-243.3;42084.311363636334;71;M;-1
6929;False;12541;0.3833333333333333;167;12;3033;125887.5;800.0;57977.03481012657;46;M;1
5151;False;9753;4.913333333333333;109;60;3151;101793.6;200.0;72242.8966666667;59;F;1
5212;False;8965;7.846666666666667;104;36;1974;55373.3;700.0;34577.30232558138;72;F;1
5138;False;8544;1.67;109;48;1817;43787.3;700.0;30847.149324324353;64;F;1
5713;False;9060;2.22;124;60;2646;59898.4;900.0;24908.761445783133;40;M;1
6704;False;8843;3.34;113;60;6951;127508.6;200.0;58445.027027027056;60;M;1
6474;False;8208;2.1366666666666663;155;60;1056;40733.8;700.0;29108.363865546195;56;F;1
6676;False;10787;2.94;131;24;1241;49220.3;200.0;27626.08333333333;45;M;1
6965;False;8814;5.413333333333334;107;24;5814;151546.9;800.0;63889.87393939401;77;F;1
6725;False;8402;3.6966666666666668;120;36;7370;61993.3;700.0;35566.88108108107;67;M;1
7166;False;9832;4.093333333333334;114;24;8260;51947.2;300.0;30953.143750000003;62;M;1
7138;False;8994;4.46;110;60;1000;39393.9;400.0;24643.283941605838;72;M;1
5970;False;8512;3.9166666666666665;102;48;9689;79557.6;300.0;27778.745631067963;77;F;1
6157;False;10124;0.5466666666666667;141;24;4108;78713.7;900.0;54128.56538461536;54;F;1
6153;False;9307;4.236666666666666;118;60;4760;126077.1;1100.0;49651.8918367347;37;M;1
5693;False;8899;3.776666666666667;149;24;1837;55576.8;1000.0;36548.818750000006;67;F;1
5922;False;8899;3.776666666666667;149;12;1685;122906.7;500.0;41077.63529411765;45;F;1
5959;False;8507;1.79;132;24;4485;107783.7;600.0;50214.50434782608;59;F;1
5980;False;9045;3.4433333333333334;124;12;1783;46848.9;1000.0;30812.946153846162;43;F;1
6764;False;9624;2.0733333333333337;145;48;708;55077.5;600.0;38587.76000000001;46;M;1
5237;False;8402;3.6966666666666668;120;24;1889;71486.0;800.0;48152.953333333375;61;M;1
6726;False;8507;1.79;132;60;1431;44713.5;1000.0;30461.404166666678;63;F;1
6933;False;9624;2.0733333333333337;145;48;3931;71255.7;400.0;42203.17272727273;53;F;1
5145;False;8994;4.46;110;48;6449;121713.2;700.0;56105.49999999996;83;M;1
7008;False;12541;0.3833333333333333;167;12;3014;63738.0;300.0;39063.76666666667;57;M;1
7227;False;8254;3.436666666666666;97;60;5242;128119.4;500.0;63527.42000000002;63;F;1
6600;False;9675;7.263333333333333;100;36;607;60863.2;700.0;38509.05;63;M;1
6712;False;8547;3.31;120;60;4437;66744.4;900.0;34922.881249999984;53;F;1
7057;False;12541;0.3833333333333333;167;36;6436;108575.3;800.0;45873.61666666672;44;F;1
7176;False;9622;0.5433333333333333;154;36;7223;124900.7;200.0;50676.81987577646;42;M;1
7304;False;12541;0.3833333333333333;167;60;6998;104039.9;200.0;59352.83333333334;75;M;1
6362;False;8544;1.67;109;12;3159;69530.4;800.0;42164.027631578945;42;F;1
5880;False;10446;8.713333333333333;90;36;2051;129607.8;900.0;55315.16842105263;51;F;1
6535;False;9425;2.2399999999999998;125;12;3496;71527.0;500.0;41502.025714285715;45;M;1
5449;False;9893;4.51;96;24;4139;46568.0;300.0;27019.571153846144;38;F;1
6342;False;8427;1.4000000000000001;107;36;1671;159712.8;400.0;72667.63571428569;42;M;-1
5409;False;8402;3.6966666666666668;120;60;3034;110447.5;600.0;67475.90169491527;69;M;1
6955;False;8403;5.726666666666667;105;48;5091;143453.3;200.0;75924.2409722223;48;M;1
6985;False;9897;1.8399999999999999;140;36;3161;58022.1;500.0;36840.57361111111;40;F;1
5125;False;10446;8.713333333333333;90;48;1522;33555.4;500.0;23255.149019607838;41;F;1
5805;False;9622;0.5433333333333333;154;24;5746;43259.7;600.0;26886.19166666667;50;M;-1
6185;False;12541;0.3833333333333333;167;24;1299;65769.6;700.0;46304.15217391303;50;M;1
7243;False;8994;4.46;110;36;6032;109774.3;400.0;49107.06666666669;44;M;1
6403;False;10673;5.21;100;48;4060;71138.8;300.0;36421.42566371683;38;M;1
6578;False;8363;3.1666666666666665;108;12;2332;82352.4;500.0;30639.863157894713;69;M;1
5413;False;8930;3.973333333333333;108;24;3874;122342.1;300.0;50436.466055045865;41;M;1
6949;False;8930;3.973333333333333;108;24;4363;119752.3;300.0;52379.12870370369;41;M;1
6545;False;9104;1.883333333333333;123;60;3198;128539.4;400.0;53685.78620689651;69;M;1
6178;False;10673;5.21;100;48;4845;102665.9;600.0;63188.63333333334;48;F;1
5160;False;8390;2.686666666666667;132;60;3400;68172.8;400.0;37809.39846153843;74;M;1
6785;False;12541;0.3833333333333333;167;60;2089;110933.4;500.0;51145.51574803151;74;M;1
6540;False;8994;4.46;110;48;6450;112363.1;400.0;58185.589285714275;43;M;1
6589;False;8402;3.6966666666666668;120;24;7904;125386.9;700.0;54137.10561797752;74;F;1
5900;False;8187;5.243333333333333;94;48;2820;146479.5;200.0;64881.31428571429;43;M;1
5999;False;8388;2.763333333333333;87;48;2059;63095.4;500.0;31814.268361581904;48;F;1
6043;False;8757;3.7600000000000002;96;48;424;44427.9;400.0;31814.41458333332;66;M;1
5482;False;8541;2.8166666666666664;131;60;2752;37946.3;1100.0;24377.371551724114;65;M;1
7263;False;10177;7.376666666666666;81;24;3745;116004.2;800.0;62571.28275862068;55;M;1
6013;True;8547;3.31;120;36;3583;78192.9;-36.1;34740.702439024375;79;M;-1
5750;False;9920;2.6666666666666665;130;12;5271;86343.2;13097.7;49291.82256097561;69;F;1
6027;False;8598;3.0966666666666662;123;24;2569;89256.9;400.0;44763.458333333336;64;F;-1
6303;False;8930;3.973333333333333;108;24;3017;83619.5;700.0;45099.26153846154;60;F;-1
7213;False;8403;5.726666666666667;105;36;3154;68048.1;700.0;33990.419718309866;76;M;1
6659;False;9897;1.8399999999999999;140;60;935;45346.1;1000.0;20158.00147058824;60;M;1
6175;True;8363;3.1666666666666665;108;60;4845;129626.3;-2825.2;59647.42399999998;59;F;-1
5610;False;8965;7.846666666666667;104;48;2567;138433.7;700.0;70622.83359375004;40;M;1
5563;False;10673;5.21;100;60;6336;147375.1;1100.0;64777.07522935782;68;M;1
5989;False;9538;1.71;111;36;5925;42443.7;400.0;27951.913559322016;54;M;1
6698;False;12541;0.3833333333333333;167;48;5161;108390.1;200.0;60054.73400000001;39;M;1
5312;False;8930;3.973333333333333;108;36;5633;139880.9;1100.0;57124.26835443034;65;F;1
7189;False;8678;5.69;102;48;3222;61782.0;1000.0;31791.328089887662;62;M;1
6816;False;10177;7.376666666666666;81;48;2088;46487.1;700.0;28124.93333333333;61;F;-1
6137;False;8598;3.0966666666666662;123;12;3719;112689.5;900.0;49477.32123287669;75;M;1
5128;True;8173;4.673333333333333;124;48;4492;50124.8;-3424.6;21447.624590163923;61;M;-1
5470;False;8403;5.726666666666667;105;48;4187;83553.5;600.0;47938.06571428571;63;M;1
5593;False;8254;3.436666666666666;97;36;7719;129394.2;1000.0;46487.00256410256;38;F;-1
5350;False;10787;2.94;131;48;5194;88597.4;900.0;35914.85499999999;63;M;1
6063;False;12541;0.3833333333333333;167;48;6687;130775.0;1000.0;49482.96800000001;82;M;-1
6501;False;9104;1.883333333333333;123;12;2523;58621.4;1000.0;31318.87282608695;79;F;-1
5452;False;10177;7.376666666666666;81;60;824;74419.8;300.0;47798.86545454537;52;F;1
4961;False;9104;1.883333333333333;123;12;2523;58157.5;715.0;25197.09249999999;79;F;-1
4973;False;8427;1.4000000000000001;107;24;6915;107069.6;700.0;52523.24480000004;74;F;1
6190;False;10177;7.376666666666666;81;60;2060;105255.7;300.0;39514.6775510204;57;F;1
6715;False;8547;3.31;120;60;3677;70272.7;1100.0;36907.456249999996;75;F;1
5892;False;8746;3.6033333333333335;90;24;2770;77551.0;900.0;34798.28;83;M;-1
6550;False;8544;1.67;109;48;6679;117827.8;500.0;60781.306818181794;53;M;1
5706;False;8994;4.46;110;36;4486;113865.5;500.0;33219.90000000003;47;M;1
5148;False;9065;5.079999999999999;123;60;4738;109361.9;300.0;64182.6414893617;59;M;1
6734;False;10045;1.6133333333333333;135;36;4806;123928.2;300.0;61799.24361702124;73;F;1
6109;False;8512;3.9166666666666665;102;60;6148;151062.3;1100.0;60030.74340659332;40;F;1
6961;False;8965;7.846666666666667;104;36;4893;83783.4;1100.0;47154.5;55;F;1
6810;False;9317;6.876666666666668;97;48;3883;129557.3;700.0;61578.30157894749;59;M;1
5494;False;9624;2.0733333333333337;145;48;7500;126072.0;600.0;51149.65514705883;45;F;1
5311;False;8594;1.88;112;60;501;69382.9;500.0;37213.407526881754;67;M;1
5445;False;8705;6.989999999999999;116;24;1930;119892.5;900.0;43657.81348314611;39;M;1
5301;False;9893;4.51;96;36;3943;63263.1;800.0;32592.68;68;F;1
7034;False;8991;1.803333333333333;128;36;529;64981.1;600.0;43121.75507246376;44;F;1
6751;False;8114;2.54;119;36;2381;52782.7;800.0;31337.25789473685;75;F;1
6667;False;9065;5.079999999999999;123;24;6495;164648.6;1000.0;63263.14718309857;50;M;1
6130;False;9425;2.2399999999999998;125;48;680;43206.0;300.0;25906.4093457944;76;M;1
5429;False;12541;0.3833333333333333;167;36;561;77158.8;200.0;52636.598958333314;47;M;1
5725;False;9624;2.0733333333333337;145;48;9268;62903.5;800.0;32404.773437499996;53;F;1
6019;False;9897;1.8399999999999999;140;12;950;39514.1;300.0;27533.66363636363;38;F;1
6421;False;8965;7.846666666666667;104;36;2688;117830.9;900.0;51611.34242424239;57;M;1
6992;False;8363;3.1666666666666665;108;48;2791;117458.5;200.0;46772.31518987341;82;F;1
5136;False;8994;4.46;110;24;7796;137193.5;300.0;66292.37199999999;41;F;1
5337;False;9272;3.08;118;36;4513;83862.8;700.0;51279.553333333344;64;M;1
5495;False;8441;4.136666666666667;115;60;1489;54020.1;500.0;39644.76363636365;47;M;1
7013;False;8441;4.136666666666667;115;60;1489;54628.1;500.0;40005.48181818184;47;M;1
6012;False;12541;0.3833333333333333;167;36;7179;61790.4;600.0;40688.1375;52;M;1
6471;False;9307;4.236666666666666;118;24;6485;72838.9;500.0;45183.34952380955;75;F;1
6296;False;8980;2.1233333333333335;111;48;5633;91294.4;700.0;47654.24482758614;56;M;1
7305;False;8814;5.413333333333334;107;12;4502;81705.8;1000.0;36480.18503401359;50;M;1
6144;False;9045;3.4433333333333334;124;12;3698;124090.0;800.0;53505.215384615374;56;M;1
6283;False;9624;2.0733333333333337;145;48;1784;156504.1;800.0;65066.73529411768;69;F;1
7246;False;8444;3.393333333333333;106;60;2482;63289.9;400.0;32435.319354838695;41;M;1
5088;False;9272;3.08;118;24;3798;72327.7;400.0;44829.54415584412;75;M;1
5988;False;8363;3.1666666666666665;108;24;5902;123310.1;200.0;45100.42222222222;73;F;1
5282;True;8173;4.673333333333333;124;48;8094;84743.5;-2838.8;21371.32;49;F;-1
5938;False;9753;4.913333333333333;109;60;6700;35650.8;200.0;21568.935185185193;38;M;1
5606;False;8444;3.393333333333333;106;36;7042;111044.2;300.0;37095.84482758619;73;F;-1
5385;False;12541;0.3833333333333333;167;36;1985;76403.1;700.0;49220.9806451613;41;M;1
6865;False;8994;4.46;110;12;2454;43790.6;800.0;28977.436363636363;71;M;-1
5586;False;8909;5.043333333333333;113;36;1354;62891.3;900.0;42930.20714285715;54;F;1
6302;False;9060;2.22;124;60;3017;60475.3;500.0;34005.90645161289;50;M;1
7194;False;12541;0.3833333333333333;167;36;1912;61939.6;700.0;37557.05471698113;59;M;1
6461;False;8754;4.1499999999999995;137;36;2059;159765.9;400.0;54371.29918032791;79;F;1
6732;False;9538;1.71;111;48;3626;127067.6;600.0;72968.3811594203;66;F;1
6613;False;8173;4.673333333333333;124;24;3505;89570.9;900.0;56910.689473684215;68;F;1
7036;False;11277;1.3766666666666667;127;36;5415;138172.6;600.0;56669.787912087864;54;M;1
5897;False;8991;1.803333333333333;128;24;633;48157.1;500.0;29941.905325443797;45;F;1
6995;False;9624;2.0733333333333337;145;12;8014;138010.1;600.0;50492.688590603946;46;F;1
5415;False;8746;3.6033333333333335;90;36;3874;65062.8;300.0;31532.748387096784;60;M;-1
7136;False;8441;4.136666666666667;115;36;1511;42308.8;800.0;30293.708695652185;79;M;1
7271;False;8754;4.1499999999999995;137;60;6541;115913.4;900.0;57131.74055944061;39;M;1
5375;False;12541;0.3833333333333333;167;12;8460;43218.7;400.0;26449.092105263157;42;F;1
5635;False;12541;0.3833333333333333;167;36;2144;142917.9;200.0;50722.27012987011;63;F;1
6817;False;12541;0.3833333333333333;167;48;1472;55343.2;600.0;32646.850943396235;66;M;1
5923;False;8561;1.0766666666666667;110;48;1347;44749.0;200.0;25896.466666666664;77;F;1
5329;False;8402;3.6966666666666668;120;60;6602;104859.1;500.0;58855.27789473691;68;F;1
6644;False;8899;3.776666666666667;149;24;3900;96108.3;900.0;40078.70727272725;46;M;1
6354;False;8427;1.4000000000000001;107;36;638;38831.0;1000.0;23324.936363636363;68;F;1
5082;False;8598;3.0966666666666662;123;60;4383;78574.3;900.0;41729.616071428565;52;F;1
6585;False;9624;2.0733333333333337;145;60;6202;128495.4;500.0;64044.04593023261;81;F;1
6921;False;10177;7.376666666666666;81;12;7182;128146.0;300.0;59935.271428571425;77;F;1
5366;False;10177;7.376666666666666;81;12;7182;128146.0;300.0;60273.67857142853;77;F;1
5886;False;8544;1.67;109;36;5354;128778.8;200.0;62590.42307692309;47;F;1
5741;False;9065;5.079999999999999;123;24;2856;94207.7;900.0;44948.62592592594;34;F;1
4996;False;9317;6.876666666666668;97;12;7370;103239.0;200.0;62778.09032258065;80;M;1
6015;False;8240;3.216666666666667;99;24;4588;135658.1;700.0;76232.70000000003;55;M;1
6309;False;12541;0.3833333333333333;167;24;4589;140542.8;400.0;50815.80476190475;60;F;1
6073;False;9624;2.0733333333333337;145;60;4605;40755.0;500.0;25997.563043478272;42;M;1
6006;False;9425;2.2399999999999998;125;60;5996;127807.6;900.0;32434.693750000006;39;M;1
5611;False;10045;1.6133333333333333;135;60;5353;90257.3;700.0;40524.463157894745;74;F;1
6944;False;8544;1.67;109;48;962;54705.1;1000.0;33613.10588235293;52;M;1
7101;False;10045;1.6133333333333333;135;48;8771;72330.4;600.0;37436.421999999984;65;M;1
6599;False;8363;3.1666666666666665;108;12;6010;109338.9;1000.0;75686.06568627457;59;M;1
6940;False;12541;0.3833333333333333;167;36;6341;60236.6;500.0;41402.134999999995;51;F;1
5209;False;8544;1.67;109;48;3805;64411.8;600.0;37802.23000000001;76;F;1
5388;False;8930;3.973333333333333;108;12;5130;73559.9;200.0;32967.71267605635;75;M;1
6011;False;9897;1.8399999999999999;140;48;3736;81614.7;200.0;44093.971153846156;45;M;1
5591;False;10124;0.5466666666666667;141;48;3242;62153.6;300.0;39426.06999999999;59;F;1
7154;False;8743;2.2466666666666666;111;60;6960;87052.1;200.0;43196.74411764705;48;M;1
7130;False;10446;8.713333333333333;90;24;5142;85626.9;700.0;28359.255384615382;54;M;1
6818;False;8994;4.46;110;48;3242;75294.1;200.0;44197.50988372092;39;M;1
5625;False;8843;3.34;113;60;3703;130659.1;800.0;55230.44406779658;79;M;-1
6805;False;10177;7.376666666666666;81;48;938;63659.3;800.0;41994.90769230771;61;F;1
7233;False;8427;1.4000000000000001;107;36;3217;119527.2;1100.0;56646.516129032294;65;M;1
7308;False;8110;6.289999999999999;109;24;5392;56055.6;1000.0;30869.78130841124;56;F;1
